-- phpMyAdmin SQL Dump
-- version 5.2.1
-- https://www.phpmyadmin.net/
--
-- Host: 127.0.0.1
-- Generation Time: May 13, 2023 at 06:52 PM
-- Server version: 10.4.28-MariaDB
-- PHP Version: 8.2.4

SET SQL_MODE = "NO_AUTO_VALUE_ON_ZERO";
START TRANSACTION;
SET time_zone = "+00:00";


/*!40101 SET @OLD_CHARACTER_SET_CLIENT=@@CHARACTER_SET_CLIENT */;
/*!40101 SET @OLD_CHARACTER_SET_RESULTS=@@CHARACTER_SET_RESULTS */;
/*!40101 SET @OLD_COLLATION_CONNECTION=@@COLLATION_CONNECTION */;
/*!40101 SET NAMES utf8mb4 */;

--
-- Database: `vergency`
--

-- --------------------------------------------------------

--
-- Table structure for table `account`
--

CREATE TABLE `account` (
  `account_id` int(11) NOT NULL,
  `username` varchar(50) DEFAULT NULL,
  `email` varchar(50) NOT NULL,
  `password` varchar(50) NOT NULL,
  `type` enum('admin','user') DEFAULT NULL
) ENGINE=InnoDB DEFAULT CHARSET=utf8mb4 COLLATE=utf8mb4_general_ci;

--
-- Dumping data for table `account`
--

INSERT INTO `account` (`account_id`, `username`, `email`, `password`, `type`) VALUES
(1, 'sieucapvippro@gmail.com', 'sieucapvippro@gmail.com', '123456789', 'admin'),
(3, 'ngoquyen@gmail.com', 'ngoquyen@gmail.com', '12345678', 'user'),
(4, 'nhha1810@gmail.com', 'nhha1810@gmail.com', '12345678', 'user');

-- --------------------------------------------------------

--
-- Table structure for table `invoice`
--

CREATE TABLE `invoice` (
  `id` int(11) NOT NULL,
  `member_email` varchar(50) NOT NULL,
  `date_purchased` datetime DEFAULT current_timestamp()
) ENGINE=InnoDB DEFAULT CHARSET=utf8mb4 COLLATE=utf8mb4_general_ci;

--
-- Dumping data for table `invoice`
--

INSERT INTO `invoice` (`id`, `member_email`, `date_purchased`) VALUES
(1, 'sieucapvippro@gmail.com', '2023-05-11 19:07:53'),
(2, 'sieucapvippro@gmail.com', '2023-05-11 19:09:24'),
(3, 'sieucapvippro@gmail.com', '2023-05-11 19:09:29'),
(4, 'ngoquyen@gmail.com', '2023-05-11 19:10:40'),
(5, 'sieucapvippro@gmail.com', '2023-05-11 20:12:55');

-- --------------------------------------------------------

--
-- Table structure for table `invoice_detail`
--

CREATE TABLE `invoice_detail` (
  `id` int(11) NOT NULL,
  `invoice_id` int(11) DEFAULT NULL,
  `product_name` varchar(50) DEFAULT NULL,
  `product_quantity` int(11) DEFAULT NULL,
  `product_price` decimal(10,2) DEFAULT NULL,
  `product_image` varchar(255) DEFAULT NULL,
  `product_size` varchar(30) NOT NULL
) ENGINE=InnoDB DEFAULT CHARSET=utf8mb4 COLLATE=utf8mb4_general_ci;

--
-- Dumping data for table `invoice_detail`
--

INSERT INTO `invoice_detail` (`id`, `invoice_id`, `product_name`, `product_quantity`, `product_price`, `product_image`, `product_size`) VALUES
(1, 1, 'ROSE T-SHIRT/RED', 1, 59000.00, 'https://product.hstatic.net/200000305259/product/new_v14_fred_1_45eb93d965174e619350d4417e7e4103.jpg', 'SIZE 2'),
(2, 1, 'Simple Short/Black', 1, 99000.00, 'https://product.hstatic.net/200000305259/product/short_blk_2_b9e9044a24314e7cbbeafc6af2d10a9a.jpg', 'SIZE 3'),
(3, 2, 'ROSE T-SHIRT/RED', 1, 59000.00, 'https://product.hstatic.net/200000305259/product/new_v14_fred_1_45eb93d965174e619350d4417e7e4103.jpg', 'SIZE 2'),
(4, 2, 'Simple Short/Black', 1, 99000.00, 'https://product.hstatic.net/200000305259/product/short_blk_2_b9e9044a24314e7cbbeafc6af2d10a9a.jpg', 'SIZE 3'),
(5, 3, 'ROSE T-SHIRT/RED', 1, 59000.00, 'https://product.hstatic.net/200000305259/product/new_v14_fred_1_45eb93d965174e619350d4417e7e4103.jpg', 'SIZE 2'),
(6, 3, 'Simple Short/Black', 1, 99000.00, 'https://product.hstatic.net/200000305259/product/short_blk_2_b9e9044a24314e7cbbeafc6af2d10a9a.jpg', 'SIZE 3'),
(7, 4, 'Simple T-Shirt/Pink', 1, 89000.00, 'https://product.hstatic.net/200000305259/product/tee_pnk_2_6049e04597a84b42acd3e32687045410.jpg', 'SIZE 1'),
(8, 5, 'Simple T-Shirt/Baby Blue', 1, 89000.00, 'https://product.hstatic.net/200000305259/product/tee_blue_2_f38eec70ad89458991af5ff0e9dd43f6.jpg', 'SIZE 2'),
(9, 5, 'Simple Polo/Pink', 1, 125000.00, 'https://product.hstatic.net/200000305259/product/polo_pnk_2_61e1581414c44bcaa469b21fc90b1714.jpg', 'SIZE 3');

-- --------------------------------------------------------

--
-- Table structure for table `member`
--

CREATE TABLE `member` (
  `member_id` int(11) NOT NULL,
  `email` varchar(50) DEFAULT NULL,
  `phone_number` varchar(50) NOT NULL,
  `last_name` varchar(50) DEFAULT NULL,
  `first_name` varchar(50) NOT NULL,
  `gender` enum('male','female','other') DEFAULT NULL,
  `date_of_birth` date DEFAULT NULL,
  `avatar` varchar(255) DEFAULT NULL
) ENGINE=InnoDB DEFAULT CHARSET=utf8mb4 COLLATE=utf8mb4_general_ci;

--
-- Dumping data for table `member`
--

INSERT INTO `member` (`member_id`, `email`, `phone_number`, `last_name`, `first_name`, `gender`, `date_of_birth`, `avatar`) VALUES
(1, 'sieucapvippro@gmail.com', '0941947999', 'Phan', 'Tuan Anh', 'male', '2023-01-01', 'https://i.pinimg.com/564x/17/9c/b7/179cb7a5bf2c6b4d819ec7a163f02b37.jpg'),
(3, 'ngoquyen@gmail.com', '123456789', 'Ngo', 'Quyen', 'male', '2023-01-01', ''),
(4, 'nhha1810@gmail.com', '1234567891', 'Truc', 'Gau', 'other', '2005-12-10', '');

-- --------------------------------------------------------

--
-- Table structure for table `product`
--

CREATE TABLE `product` (
  `id` int(11) NOT NULL,
  `name` varchar(50) NOT NULL,
  `price` decimal(10,2) NOT NULL,
  `type` varchar(20) NOT NULL,
  `old_price` decimal(10,2) NOT NULL,
  `slug` varchar(50) NOT NULL,
  `quantity` int(11) NOT NULL
) ENGINE=InnoDB DEFAULT CHARSET=utf8mb4 COLLATE=utf8mb4_general_ci;

--
-- Dumping data for table `product`
--

INSERT INTO `product` (`id`, `name`, `price`, `type`, `old_price`, `slug`, `quantity`) VALUES
(1, 'Simple T-Shirt/Pink', 89000.00, 't-shirts', 300000.00, 'simple-t-shirt-pink', 194),
(2, 'Simple T-Shirt/Baby Blue', 89000.00, 't-shirts', 300000.00, 'simple-t-shirt-baby-blue', 194),
(3, 'Simple T-Shirt/Beige', 89000.00, 't-shirts', 300000.00, 'simple-t-shirt-beige', 194),
(4, 'Simple T-Shirt/Blue Gray', 89000.00, 't-shirts', 300000.00, 'simple-t-shirt-blue-gray', 194),
(5, 'Simple T-Shirt/Navy', 89000.00, 't-shirts', 300000.00, 'simple-t-shirt-navy', 194),
(6, 'Simple T-Shirt/White', 89000.00, 't-shirts', 300000.00, 'simple-t-shirt-white', 194),
(7, 'Simple T-Shirt/Black', 89000.00, 't-shirts', 300000.00, 'simple-t-shirt-black', 194),
(8, 'IDENTIFY T-SHIRT/RED', 59000.00, 't-shirts', 420000.00, 'identify-t-shirt-red', 194),
(9, 'SOFT T-SHIRT/RED', 59000.00, 't-shirts', 420000.00, 'soft-t-shirt-red', 194),
(10, 'ROCK POWER T-SHIRT/RED', 59000.00, 't-shirts', 420000.00, 'rock-power-t-shirt-red', 194),
(11, 'NORMAL T-SHIRT/RED', 59000.00, 't-shirts', 420000.00, 'normal-t-shirt-red', 194),
(12, 'NORMAL T-SHIRT/DARK GREY', 59000.00, 't-shirts', 420000.00, 'normal-t-shirt-dark-grey', 194),
(13, 'FIRE T-SHIRT/RED', 59000.00, 't-shirts', 420000.00, 'fire-t-shirt-red', 194),
(14, 'FIRE T-SHIRT/DARK GREY', 59000.00, 't-shirts', 420000.00, 'fire-t-shirt-dark-grey', 194),
(15, 'FIRE T-SHIRT/DARK BROW', 59000.00, 't-shirts', 420000.00, 'fire-t-shirt-dark-brow', 194),
(16, 'T-REX T-SHIRT/RED', 59000.00, 't-shirts', 420000.00, 't-rex-t-shirt-red', 194),
(17, 'SKATEBOARDING T-SHIRT/RED', 59000.00, 't-shirts', 420000.00, 'skateboarding-t-shirt-red', 194),
(18, 'SKATEBOARDING T-SHIRT/DARK GREY', 59000.00, 't-shirts', 420000.00, 'skateboarding-t-shirt-dark-grey', 194),
(19, 'SKATEBOARDING T-SHIRT/DARK BROW', 59000.00, 't-shirts', 420000.00, 'skateboarding-t-shirt-dark-brow', 194),
(20, 'MAKE\' EM T-SHIRT/DARK BROW', 59000.00, 't-shirts', 420000.00, 'make--em-t-shirt-dark-brow', 194),
(21, 'URBAN T-SHIRT/DARK BROW', 59000.00, 't-shirts', 420000.00, 'urban-t-shirt-dark-brow', 194),
(22, 'URBAN T-SHIRT/RED', 59000.00, 't-shirts', 420000.00, 'urban-t-shirt-red', 194),
(23, 'CRYSTALLLIZE T-SHIRT/RED', 59000.00, 't-shirts', 420000.00, 'crystalllize-t-shirt-red', 194),
(24, 'CRYSTALLLIZE T-SHIRT/DARK GREY', 59000.00, 't-shirts', 420000.00, 'crystalllize-t-shirt-dark-grey', 194),
(25, 'CRYSTALLLIZE T-SHIRT/DARK BROW', 59000.00, 't-shirts', 420000.00, 'crystalllize-t-shirt-dark-brow', 194),
(26, 'ROSE T-SHIRT/RED', 59000.00, 't-shirts', 420000.00, 'rose-t-shirt-red', 194),
(27, 'WORLD MAP T-SHIRT/RED', 59000.00, 't-shirts', 420000.00, 'world-map-t-shirt-red', 194),
(28, 'WORLD MAP T-SHIRT/DARK GREY', 59000.00, 't-shirts', 420000.00, 'world-map-t-shirt-dark-grey', 194),
(29, 'WORLD MAP T-SHIRT/DARK BROW', 59000.00, 't-shirts', 420000.00, 'world-map-t-shirt-dark-brow', 194),
(30, 'SCARE T-SHIRT/RED', 59000.00, 't-shirts', 420000.00, 'scare-t-shirt-red', 194),
(31, 'SCARE T-SHIRT/DARK GREY', 59000.00, 't-shirts', 420000.00, 'scare-t-shirt-dark-grey', 194),
(32, 'SCARE T-SHIRT/DARK BROW', 59000.00, 't-shirts', 420000.00, 'scare-t-shirt-dark-brow', 194),
(33, 'BUTTERFLY T-SHIRT/RED', 59000.00, 't-shirts', 420000.00, 'butterfly-t-shirt-red', 194),
(34, 'BUTTERFLY T-SHIRT/DARK BROW', 59000.00, 't-shirts', 420000.00, 'butterfly-t-shirt-dark-brow', 194),
(35, 'ZODIAC T-SHIRT/RED', 59000.00, 't-shirts', 420000.00, 'zodiac-t-shirt-red', 194),
(36, 'ZODIAC T-SHIRT/DARK GREY', 59000.00, 't-shirts', 420000.00, 'zodiac-t-shirt-dark-grey', 194),
(37, 'ZODIAC T-SHIRT/DARK BROW', 59000.00, 't-shirts', 420000.00, 'zodiac-t-shirt-dark-brow', 194),
(38, 'MANTIS T-SHIRT/DARK BROW', 59000.00, 't-shirts', 420000.00, 'mantis-t-shirt-dark-brow', 194),
(39, 'MANTIS T-SHIRT/RED', 59000.00, 't-shirts', 420000.00, 'mantis-t-shirt-red', 194),
(40, 'FAX T-SHIRT/DARK BROW', 59000.00, 't-shirts', 420000.00, 'fax-t-shirt-dark-brow', 194),
(41, 'FAX T-SHIRT/RED', 59000.00, 't-shirts', 420000.00, 'fax-t-shirt-red', 194),
(42, 'CREA ID T-SHIRT/RED', 59000.00, 't-shirts', 420000.00, 'crea-id-t-shirt-red', 194),
(43, 'CREA ID T-SHIRT/DARK BROW', 59000.00, 't-shirts', 420000.00, 'crea-id-t-shirt-dark-brow', 194),
(44, 'BRAIN T-SHIRT/RED', 59000.00, 't-shirts', 420000.00, 'brain-t-shirt-red', 194),
(45, 'BRAIN T-SHIRT/DARK BROW', 59000.00, 't-shirts', 420000.00, 'brain-t-shirt-dark-brow', 194),
(46, 'METEORITE T-SHIRT/DARK BROW', 59000.00, 't-shirts', 420000.00, 'meteorite-t-shirt-dark-brow', 194),
(47, 'METEORITE T-SHIRT/RED', 59000.00, 't-shirts', 420000.00, 'meteorite-t-shirt-red', 194),
(48, 'METEORITE T-SHIRT/DARK GREY', 59000.00, 't-shirts', 420000.00, 'meteorite-t-shirt-dark-grey', 194),
(49, 'AFTERLIFE T-SHIRT/DARK GREY', 59000.00, 't-shirts', 420000.00, 'afterlife-t-shirt-dark-grey', 194),
(50, 'ANCIENT ASIA T-SHIRT/RED', 59000.00, 't-shirts', 420000.00, 'ancient-asia-t-shirt-red', 194),
(51, 'ANCIENT ASIA T-SHIRT/DARK GREY', 59000.00, 't-shirts', 420000.00, 'ancient-asia-t-shirt-dark-grey', 194),
(52, 'ANCIENT ASIA T-SHIRT/DARK BROW', 59000.00, 't-shirts', 420000.00, 'ancient-asia-t-shirt-dark-brow', 194),
(53, 'BBOY T-SHIRT/RED', 59000.00, 't-shirts', 420000.00, 'bboy-t-shirt-red', 194),
(54, 'BBOY T-SHIRT/DARK GREY', 59000.00, 't-shirts', 420000.00, 'bboy-t-shirt-dark-grey', 194),
(55, 'BBOY T-SHIRT/DARK BROW', 59000.00, 't-shirts', 420000.00, 'bboy-t-shirt-dark-brow', 194),
(56, 'FIERY T-SHIRT/RED', 59000.00, 't-shirts', 420000.00, 'fiery-t-shirt-red', 194),
(57, 'FIERY T-SHIRT/DARK GREY', 59000.00, 't-shirts', 420000.00, 'fiery-t-shirt-dark-grey', 194),
(58, 'FIERY T-SHIRT/DARK BROW', 59000.00, 't-shirts', 420000.00, 'fiery-t-shirt-dark-brow', 194),
(59, 'FLASH T-SHIRT/RED', 59000.00, 't-shirts', 420000.00, 'flash-t-shirt-red', 194),
(60, 'FLASH T-SHIRT/DARK GREY', 59000.00, 't-shirts', 420000.00, 'flash-t-shirt-dark-grey', 194),
(61, 'FLASH T-SHIRT/DARK BROW', 59000.00, 't-shirts', 420000.00, 'flash-t-shirt-dark-brow', 194),
(62, 'GLINT T-SHIRT/RED', 59000.00, 't-shirts', 420000.00, 'glint-t-shirt-red', 194),
(63, 'GLINT T-SHIRT/DARK GREY', 59000.00, 't-shirts', 420000.00, 'glint-t-shirt-dark-grey', 194),
(64, 'GLINT T-SHIRT/DARK BROW', 59000.00, 't-shirts', 420000.00, 'glint-t-shirt-dark-brow', 194),
(65, 'MISCHIEVOUS T-SHIRT/RED', 59000.00, 't-shirts', 420000.00, 'mischievous-t-shirt-red', 194),
(66, 'MISCHIEVOUS T-SHIRT/DARK FREY', 59000.00, 't-shirts', 420000.00, 'mischievous-t-shirt-dark-frey', 194),
(67, 'BURNING T-SHIRT/RED', 59000.00, 't-shirts', 420000.00, 'burning-t-shirt-red', 194),
(68, 'BURNING T-SHIRT/DARK BROW', 59000.00, 't-shirts', 420000.00, 'burning-t-shirt-dark-brow', 194),
(69, 'COMFORTABLE T-SHIRT/RED', 59000.00, 't-shirts', 420000.00, 'comfortable-t-shirt-red', 194),
(70, 'COMFORTABLE T-SHIRT/DARK GREY', 59000.00, 't-shirts', 420000.00, 'comfortable-t-shirt-dark-grey', 194),
(71, 'COMFORTABLE T-SHIRT/DARK BROW', 59000.00, 't-shirts', 420000.00, 'comfortable-t-shirt-dark-brow', 194),
(72, 'DRAGON T-SHIRT/RED', 59000.00, 't-shirts', 420000.00, 'dragon-t-shirt-red', 194),
(73, 'DRAGON T-SHIRT/DARK BROW', 59000.00, 't-shirts', 420000.00, 'dragon-t-shirt-dark-brow', 194),
(74, 'DIY T-SHIRT/RED', 59000.00, 't-shirts', 420000.00, 'diy-t-shirt-red', 194),
(75, 'DIY T-SHIRT/DARK GREY', 59000.00, 't-shirts', 420000.00, 'diy-t-shirt-dark-grey', 194),
(76, 'DIY T-SHIRT/DARK BROW', 59000.00, 't-shirts', 420000.00, 'diy-t-shirt-dark-brow', 194),
(77, 'BONJOUR PARIS T-SHIRT/RED', 59000.00, 't-shirts', 420000.00, 'bonjour-paris-t-shirt-red', 194),
(78, 'BONJOUR PARIS T-SHIRT/DARK BROW', 59000.00, 't-shirts', 420000.00, 'bonjour-paris-t-shirt-dark-brow', 194),
(79, 'ACTION T-SHIRT/RED', 59000.00, 't-shirts', 420000.00, 'action-t-shirt-red', 194),
(80, 'ACTION T-SHIRT/DARK GREY', 59000.00, 't-shirts', 420000.00, 'action-t-shirt-dark-grey', 194),
(81, 'ACTION T-SHIRT/DARK BROW', 59000.00, 't-shirts', 420000.00, 'action-t-shirt-dark-brow', 194),
(82, 'ANGEL T-SHIRT/RED', 59000.00, 't-shirts', 420000.00, 'angel-t-shirt-red', 194),
(83, 'DEVIL T-SHIRT/RED', 59000.00, 't-shirts', 420000.00, 'devil-t-shirt-red', 194),
(84, 'DEVIL T-SHIRT/DARK BROW', 59000.00, 't-shirts', 420000.00, 'devil-t-shirt-dark-brow', 194),
(85, 'HOROSCOPE T-SHIRT/RED', 59000.00, 't-shirts', 420000.00, 'horoscope-t-shirt-red', 194),
(86, 'HOROSCOPE T-SHIRT/DARK GREY', 59000.00, 't-shirts', 420000.00, 'horoscope-t-shirt-dark-grey', 194),
(87, 'HOROSCOPE T-SHIRT/DARK BROW', 59000.00, 't-shirts', 420000.00, 'horoscope-t-shirt-dark-brow', 194),
(88, 'JUNK FOOD T-SHIRT/RED', 59000.00, 't-shirts', 420000.00, 'junk-food-t-shirt-red', 194),
(89, 'JUNK FOOD T-SHIRT/DARK GREY', 59000.00, 't-shirts', 420000.00, 'junk-food-t-shirt-dark-grey', 194),
(90, 'JUNK FOOD T-SHIRT/DARK BROW', 59000.00, 't-shirts', 420000.00, 'junk-food-t-shirt-dark-brow', 194),
(91, 'PAC T-SHIRT/RED', 59000.00, 't-shirts', 420000.00, 'pac-t-shirt-red', 194),
(92, 'RUBIK T-SHIRT/RED', 59000.00, 't-shirts', 420000.00, 'rubik-t-shirt-red', 194),
(93, 'RUBIK T-SHIRT/DARK GREY', 59000.00, 't-shirts', 420000.00, 'rubik-t-shirt-dark-grey', 194),
(94, 'RUBIK T-SHIRT/DARK BROW', 59000.00, 't-shirts', 420000.00, 'rubik-t-shirt-dark-brow', 194),
(95, 'SUN&MOON T-SHIRT/RED', 59000.00, 't-shirts', 420000.00, 'sun-moon-t-shirt-red', 194),
(96, 'SUN&MOON T-SHIRT/DARK GREY', 59000.00, 't-shirts', 420000.00, 'sun-moon-t-shirt-dark-grey', 194),
(97, 'SUN&MOON T-SHIRT/DARK BROW', 59000.00, 't-shirts', 420000.00, 'sun-moon-t-shirt-dark-brow', 194),
(98, 'DISSOLVE 3D T-SHIRT/RED', 59000.00, 't-shirts', 420000.00, 'dissolve-3d-t-shirt-red', 194),
(99, 'DISSOLVE 3D T-SHIRT/DARK GREY', 59000.00, 't-shirts', 420000.00, 'dissolve-3d-t-shirt-dark-grey', 194),
(100, 'DISSOLVE 3D T-SHIRT/DARK BROW', 59000.00, 't-shirts', 420000.00, 'dissolve-3d-t-shirt-dark-brow', 194),
(101, 'FUNNY STROKE T-SHIRT/DARK GREY', 59000.00, 't-shirts', 420000.00, 'funny-stroke-t-shirt-dark-grey', 194),
(102, 'HANOI T-SHIRT/RED', 59000.00, 't-shirts', 420000.00, 'hanoi-t-shirt-red', 194),
(103, 'HANOI T-SHIRT/DARK GREY', 59000.00, 't-shirts', 420000.00, 'hanoi-t-shirt-dark-grey', 194),
(104, 'HANOI T-SHIRT/DARK BROW', 59000.00, 't-shirts', 420000.00, 'hanoi-t-shirt-dark-brow', 194),
(105, 'HEART T-SHIRT/RED', 59000.00, 't-shirts', 420000.00, 'heart-t-shirt-red', 194),
(106, 'HEART T-SHIRT/DARK GREY', 59000.00, 't-shirts', 420000.00, 'heart-t-shirt-dark-grey', 194),
(107, 'HEART T-SHIRT/DARK BROW', 59000.00, 't-shirts', 420000.00, 'heart-t-shirt-dark-brow', 194),
(108, 'INITIAL T-SHIRT/RED', 59000.00, 't-shirts', 420000.00, 'initial-t-shirt-red', 194),
(109, 'INITIAL T-SHIRT/DARK GREY', 59000.00, 't-shirts', 420000.00, 'initial-t-shirt-dark-grey', 194),
(110, 'INITIAL T-SHIRT/DARK BROW', 59000.00, 't-shirts', 420000.00, 'initial-t-shirt-dark-brow', 194),
(111, 'LETTERS T-SHIRT/RED', 59000.00, 't-shirts', 420000.00, 'letters-t-shirt-red', 194),
(112, 'LETTERS T-SHIRT/DARK GREY', 59000.00, 't-shirts', 420000.00, 'letters-t-shirt-dark-grey', 194),
(113, 'LETTERS T-SHIRT/DARK BROW', 59000.00, 't-shirts', 420000.00, 'letters-t-shirt-dark-brow', 194),
(114, 'MAKE T-SHIRT/DARK GREY', 59000.00, 't-shirts', 420000.00, 'make-t-shirt-dark-grey', 194),
(115, 'MAKE T-SHIRT/RED', 59000.00, 't-shirts', 420000.00, 'make-t-shirt-red', 194),
(116, 'MAKE T-SHIRT/DARK BROW', 59000.00, 't-shirts', 420000.00, 'make-t-shirt-dark-brow', 194),
(117, 'RAPPER T-SHIRT/RED', 59000.00, 't-shirts', 420000.00, 'rapper-t-shirt-red', 194),
(118, 'RAPPER T-SHIRT/DARK GREY', 59000.00, 't-shirts', 420000.00, 'rapper-t-shirt-dark-grey', 194),
(119, 'RAPPER T-SHIRT/DARK BROW', 59000.00, 't-shirts', 420000.00, 'rapper-t-shirt-dark-brow', 194),
(120, 'SHYNE T-SHIRT/RED', 59000.00, 't-shirts', 420000.00, 'shyne-t-shirt-red', 194),
(121, 'SHYNE T-SHIRT/DARK GREY', 59000.00, 't-shirts', 420000.00, 'shyne-t-shirt-dark-grey', 194),
(122, 'SHYNE T-SHIRT/DARK BROW', 59000.00, 't-shirts', 420000.00, 'shyne-t-shirt-dark-brow', 194),
(123, 'SPROUT T-SHIRT/RED', 59000.00, 't-shirts', 420000.00, 'sprout-t-shirt-red', 194),
(124, 'SPROUT T-SHIRT/DARK GREY', 59000.00, 't-shirts', 420000.00, 'sprout-t-shirt-dark-grey', 194),
(125, 'SPROUT T-SHIRT/DARK BROW', 59000.00, 't-shirts', 420000.00, 'sprout-t-shirt-dark-brow', 194),
(126, 'STRONG T-SHIRT/RED', 59000.00, 't-shirts', 420000.00, 'strong-t-shirt-red', 194),
(127, 'STRONG T-SHIRT/DARK GREY', 59000.00, 't-shirts', 420000.00, 'strong-t-shirt-dark-grey', 194),
(128, 'STRONG T-SHIRT/DARK BROW', 59000.00, 't-shirts', 420000.00, 'strong-t-shirt-dark-brow', 194),
(129, 'TWIST T-SHIRT/RED', 59000.00, 't-shirts', 420000.00, 'twist-t-shirt-red', 194),
(130, 'TWIST T-SHIRT/DARK GREY', 59000.00, 't-shirts', 420000.00, 'twist-t-shirt-dark-grey', 194),
(131, 'TWIST T-SHIRT/DARK BROW', 59000.00, 't-shirts', 420000.00, 'twist-t-shirt-dark-brow', 194),
(132, 'TYPO T-SHIRT/RED', 59000.00, 't-shirts', 420000.00, 'typo-t-shirt-red', 194),
(133, 'TYPO T-SHIRT/DARK GREY', 59000.00, 't-shirts', 420000.00, 'typo-t-shirt-dark-grey', 194),
(134, 'TYPO T-SHIRT/DARK BROW', 59000.00, 't-shirts', 420000.00, 'typo-t-shirt-dark-brow', 194),
(135, 'TRANSMIT T-SHIRT/RED', 59000.00, 't-shirts', 420000.00, 'transmit-t-shirt-red', 194),
(136, 'TRANSMIT T-SHIRT/DARK GREY', 59000.00, 't-shirts', 420000.00, 'transmit-t-shirt-dark-grey', 194),
(137, 'TRANSMIT T-SHIRT/DARK BROW', 59000.00, 't-shirts', 420000.00, 'transmit-t-shirt-dark-brow', 194),
(138, 'GRAFFITI T-SHIRT/DARK BROW', 59000.00, 't-shirts', 420000.00, 'graffiti-t-shirt-dark-brow', 194),
(139, 'Simple Shirt/Cream', 109000.00, 'shirts', 370000.00, 'simple-shirt-cream', 194),
(140, 'Simple Shirt/Pink', 109000.00, 'shirts', 370000.00, 'simple-shirt-pink', 194),
(141, 'Simple Shirt/Gray', 109000.00, 'shirts', 370000.00, 'simple-shirt-gray', 194),
(142, 'Simple Shirt/Stone Green', 109000.00, 'shirts', 370000.00, 'simple-shirt-stone-green', 194),
(143, 'Simple Shirt/Beige', 109000.00, 'shirts', 370000.00, 'simple-shirt-beige', 194),
(144, 'Simple Shirt/Mint', 109000.00, 'shirts', 370000.00, 'simple-shirt-mint', 194),
(145, 'Simple Shirt/Violet', 109000.00, 'shirts', 370000.00, 'simple-shirt-violet', 194),
(146, 'Simple Shirt/Baby Blue', 109000.00, 'shirts', 370000.00, 'simple-shirt-baby-blue', 194),
(147, 'Simple Shirt/White', 109000.00, 'shirts', 370000.00, 'simple-shirt-white', 194),
(148, 'Simple Shirt/Black', 109000.00, 'shirts', 370000.00, 'simple-shirt-black', 194),
(149, 'Simple Short/Beige', 99000.00, 'shorts', 330000.00, 'simple-short-beige', 194),
(150, 'Simple Short/Black', 99000.00, 'shorts', 330000.00, 'simple-short-black', 194),
(151, 'Simple Short/Gray', 99000.00, 'shorts', 330000.00, 'simple-short-gray', 194),
(152, 'Simple Short/Navy', 99000.00, 'shorts', 330000.00, 'simple-short-navy', 194),
(153, 'Simple Short/White', 99000.00, 'shorts', 330000.00, 'simple-short-white', 194),
(154, 'Simple Jacket/Black', 159000.00, 'jacket', 420000.00, 'simple-jacket-black', 194),
(155, 'Simple Slipper/Black', 145000.00, 'accessories', 360000.00, 'simple-slipper-black', 194),
(156, 'Simple Polo/Cream', 125000.00, 'polo', 390000.00, 'simple-polo-cream', 194),
(157, 'Simple Polo/Pink', 125000.00, 'polo', 390000.00, 'simple-polo-pink', 194),
(158, 'Simple Polo/Navy', 125000.00, 'polo', 390000.00, 'simple-polo-navy', 194),
(159, 'Simple Polo/White', 125000.00, 'polo', 390000.00, 'simple-polo-white', 194),
(160, 'Simple Polo/Black', 125000.00, 'polo', 390000.00, 'simple-polo-black', 194);

-- --------------------------------------------------------

--
-- Table structure for table `product_image`
--

CREATE TABLE `product_image` (
  `id` int(11) NOT NULL,
  `img_1` varchar(255) NOT NULL,
  `img_2` varchar(255) NOT NULL,
  `img_3` varchar(255) NOT NULL,
  `img_4` varchar(255) NOT NULL
) ENGINE=InnoDB DEFAULT CHARSET=utf8mb4 COLLATE=utf8mb4_general_ci;

--
-- Dumping data for table `product_image`
--

INSERT INTO `product_image` (`id`, `img_1`, `img_2`, `img_3`, `img_4`) VALUES
(1, 'https://product.hstatic.net/200000305259/product/tee_pnk_2_6049e04597a84b42acd3e32687045410.jpg', 'https://product.hstatic.net/200000305259/product/model_tee_9_0a8ce776e7ab4807a38ff992ab0044ca.jpg', 'https://product.hstatic.net/200000305259/product/model_tee_10_7b8a1b065a8d45acb198571c919ad9f1.jpg', 'https://product.hstatic.net/200000305259/product/tee_pnk_3_ab375007aab84b058061cf8501af84b7.jpg'),
(2, 'https://product.hstatic.net/200000305259/product/tee_blue_2_f38eec70ad89458991af5ff0e9dd43f6.jpg', 'https://product.hstatic.net/200000305259/product/model_tee_13_5af41a94738040f3af2a5101297bb900.jpg', 'https://product.hstatic.net/200000305259/product/model_tee_14_35ee1ddfb0bd46acac56fe7f4cfd3202.jpg', 'https://product.hstatic.net/200000305259/product/tee_blue_3_0c9ea46e380841e6bef20f4c29db3827.jpg'),
(3, 'https://product.hstatic.net/200000305259/product/tee_beige_2_bf7b589959844d68b4275057cbf99765.jpg', 'https://product.hstatic.net/200000305259/product/model_tee_11_23ba141c701942e78f5ea3f9ea3fe5ef.jpg', 'https://product.hstatic.net/200000305259/product/model_tee_12_ca6f093a3d78421da98cad1f92efc741.jpg', 'https://product.hstatic.net/200000305259/product/tee_beige_3_dab1ab13557f43fabef51df5a5a85be6.jpg'),
(4, 'https://product.hstatic.net/200000305259/product/tee_sea_2_988dd2720dc643cc89f4238cfbe75026.jpg', 'https://product.hstatic.net/200000305259/product/model_tee_5_40c79da1439d4ebbadd5abdb2365b780.jpg', 'https://product.hstatic.net/200000305259/product/model_tee_6_8b8fc7fb7b9a4b828204e01f37e845c4.jpg', 'https://product.hstatic.net/200000305259/product/tee_sea_3_2b1b6200a80244ebb0675355df4dbc0b.jpg'),
(5, 'https://product.hstatic.net/200000305259/product/tee_navy_2_960e2d8acb884834b4466d3c3c226c46.jpg', 'https://product.hstatic.net/200000305259/product/model_tee_7_bc04c91a07a04b72a82927bd6962dc7a.jpg', 'https://product.hstatic.net/200000305259/product/model_tee_8_2c52387eb8264cd395b80ed7a8ad9c50.jpg', 'https://product.hstatic.net/200000305259/product/tee_navy_3_821934c12a4b47208501681fd5115fc6.jpg'),
(6, 'https://product.hstatic.net/200000305259/product/tee_wht_2_2540d99bf246485bac3642f7210b6c78.jpg', 'https://product.hstatic.net/200000305259/product/model_tee_3_1b4d8583b98241fbbedd39c0a811075d.jpg', 'https://product.hstatic.net/200000305259/product/model_tee_4_15b9919eecd846ecabcc43bd9b599ce1.jpg', 'https://product.hstatic.net/200000305259/product/tee_wht_3_4a1fe38323d54b6b8392497de8ccad56.jpg'),
(7, 'https://product.hstatic.net/200000305259/product/tee_blk_2_506436bc7ba842eda483d260fde1680b.jpg', 'https://product.hstatic.net/200000305259/product/model_tee_1_f5c006b44d504a9bbc9f156cffff240e.jpg', 'https://product.hstatic.net/200000305259/product/model_tee_2_15305853aeab438c8e9cc32e244d6079.jpg', 'https://product.hstatic.net/200000305259/product/tee_blk_3_e88e4655355f45898078648e4e801851.jpg'),
(8, 'https://product.hstatic.net/200000305259/product/new_v17_fred_1_e96b8e4e5e7946af8c8a85598567cea5.jpg', 'https://product.hstatic.net/200000305259/product/new_v17_fred_2_bc8a3847ffd94c65ac4135cc91e63380.jpg', 'https://product.hstatic.net/200000305259/product/new_v17_fred_3_dcbc8d14a77741aaa0cabb4c99bd7857.jpg', 'https://product.hstatic.net/200000305259/product/new_v17_fred_4_58c1fb8899924f3c8a3fac8906c7d284.jpg'),
(9, 'https://product.hstatic.net/200000305259/product/new_v12_fred_1_887690f6999b4254837bc7014b6b686b.jpg', 'https://product.hstatic.net/200000305259/product/new_v12_fred_2_066cd521f52a4c249cd62ba76a987c7e.jpg', 'https://product.hstatic.net/200000305259/product/new_v12_fred_3_e7f9cbb8361f4a6fbb38edd8f0563087.jpg', 'https://product.hstatic.net/200000305259/product/new_v12_fred_4_dd360c7a0e494b11bce968ec941e217f.jpg'),
(10, 'https://product.hstatic.net/200000305259/product/new_v34_fred_1_5ef17044d0074e0ab0ba9fc171dd3b47.jpg', 'https://product.hstatic.net/200000305259/product/new_v34_fred_2_4f35b193165647c1be96b88aa7b86996.jpg', 'https://product.hstatic.net/200000305259/product/new_v34_fred_3_123294a32e734789be88b4b879e16bd5.jpg', 'https://product.hstatic.net/200000305259/product/new_v34_fred_4_b394c447d00244d8918df647d9ad1a4d.jpg'),
(11, 'https://product.hstatic.net/200000305259/product/new_v22_fred_1_9842ff233c5d4ae9932a62f010514ab4.jpg', 'https://product.hstatic.net/200000305259/product/new_v22_fred_2_92d1ef822bdd48a99a6cc0f529316be1.jpg', 'https://product.hstatic.net/200000305259/product/new_v22_fred_3_77db9f740dc84859b4b8a648f69ab595.jpg', 'https://product.hstatic.net/200000305259/product/new_v22_fred_4_7413450fb02949c8aa8c218b3d65ecd1.jpg'),
(12, 'https://product.hstatic.net/200000305259/product/new_v22_gry_1_2023c43409e8448f95eff1c35125498e.jpg', 'https://product.hstatic.net/200000305259/product/new_v22_gry_3_5747a37d0e0e4aa1a7453b1dc3f8a712.jpg', 'https://product.hstatic.net/200000305259/product/new_v22_gry_2_c24d3f09e52441d5a534601541b3ae8d.jpg', 'https://product.hstatic.net/200000305259/product/new_v22_gry_4_c18c57a7dd7e4867b8448b132fdedf59.jpg'),
(13, 'https://product.hstatic.net/200000305259/product/new_v20_fred_1_0fc4d3d764834b6295a3716882ab9dc0.jpg', 'https://product.hstatic.net/200000305259/product/new_v20_fred_2_a9ed91856f9543ec8f806656b911d848.jpg', 'https://product.hstatic.net/200000305259/product/new_v20_fred_3_6e597bbe9ab34ac1a1c1f896accdc7e2.jpg', 'https://product.hstatic.net/200000305259/product/new_v20_fred_4_767d0bbd94f4408090e059aca963245b.jpg'),
(14, 'https://product.hstatic.net/200000305259/product/v20_gry_1_445ef6416ac14f248a76e901524fc523.jpg', 'https://product.hstatic.net/200000305259/product/v20_gry_3_8fa4b80bc019433b861919a4d68ce0f7.jpg', 'https://product.hstatic.net/200000305259/product/v20_gry_2_a5b70aeee7144e8697f7720c7476eccc.jpg', 'https://product.hstatic.net/200000305259/product/v20_gry_4_1079a90f6495428e9a3298eab737e213.jpg'),
(15, 'https://product.hstatic.net/200000305259/product/v20_brn_1_513f7774f2b0473cbab761b04d2325b5.jpg', 'https://product.hstatic.net/200000305259/product/v20_brn_3_d2c759cf02204dd9af00c7e81951a998.jpg', 'https://product.hstatic.net/200000305259/product/v20_brn_2_674258dbdfd04b06973bde75591a83b7.jpg', 'https://product.hstatic.net/200000305259/product/v20_brn_4_6f5496d4d30d4071b7a5e24129be1004.jpg'),
(16, 'https://product.hstatic.net/200000305259/product/new_v37_fred_1_b48033a9d9044feca0a60605247be3d9.jpg', 'https://product.hstatic.net/200000305259/product/new_v37_fred_2_68c6aeb03b8a4fbdb826997f0e232962.jpg', 'https://product.hstatic.net/200000305259/product/new_v37_fred_3_0e26b618388a4b0d9233c6d1d37c24b3.jpg', 'https://product.hstatic.net/200000305259/product/new_v37_fred_4_160aaf4c9635479a8a28017b3c4849b3.jpg'),
(17, 'https://product.hstatic.net/200000305259/product/new_v21_fred_1_e13ed4bd20154c16bbc5a6500383f448.jpg', 'https://product.hstatic.net/200000305259/product/new_v21_fred_2_3626f6d6363b418d9e2853e2dae3a4d5.jpg', 'https://product.hstatic.net/200000305259/product/new_v21_fred_3_76d02b03d7ee45e0afd5c3b22ad41067.jpg', 'https://product.hstatic.net/200000305259/product/new_v21_fred_4_120b1914e50445249fae95ae0920a317.jpg'),
(18, 'https://product.hstatic.net/200000305259/product/v21_gry_1_087455f6cc974896814160cb2b2f5f33.jpg', 'https://product.hstatic.net/200000305259/product/v21_gry_3_4b907a0d59664f139208b13cbeb5f3c0.jpg', 'https://product.hstatic.net/200000305259/product/v21_gry_2_c3f7ab4a54cb4e67aa5e62484115929d.jpg', 'https://product.hstatic.net/200000305259/product/v21_gry_4_a66eac9b564d49ad8a70fa3dea9d9d23.jpg'),
(19, 'https://product.hstatic.net/200000305259/product/v21_brn_1_e6e99631713949c0b01087ddec022ce5.jpg', 'https://product.hstatic.net/200000305259/product/v21_brn_3_50cd470080174c96b68239a7a77bc956.jpg', 'https://product.hstatic.net/200000305259/product/v21_brn_2_de0b688f6ae14e1b85812799e2fe5901.jpg', 'https://product.hstatic.net/200000305259/product/v21_brn_4_73fa7ec2cad24b899f28f7e6c9aea3ec.jpg'),
(20, 'https://product.hstatic.net/200000305259/product/new_v38_brn_1_0ed58df8640243729e8e44c69ec07cbf.jpg', 'https://product.hstatic.net/200000305259/product/new_v38_brn_3_5874ed30edf943f69b0679abb9f61be4.jpg', 'https://product.hstatic.net/200000305259/product/new_v38_brn_2_2eed51c3190a49ebb707470f5075f29d.jpg', 'https://product.hstatic.net/200000305259/product/new_v38_brn_4_de4bca53845d4e1d966b64ffc03d5320.jpg'),
(21, 'https://product.hstatic.net/200000305259/product/new_v31_brn_1_9e366e611f1e4d73983c6b4a06263a45.jpg', 'https://product.hstatic.net/200000305259/product/new_v31_brn_3_2d90b2f0f1f245629e7c943b4d9173e5.jpg', 'https://product.hstatic.net/200000305259/product/new_v31_brn_2_33a1975d845f48a786953c13d143faee.jpg', 'https://product.hstatic.net/200000305259/product/new_v31_brn_4_a09973a79f4240b3a0e1787c8c0a931c.jpg'),
(22, 'https://product.hstatic.net/200000305259/product/new_v31_fred_1_75a6626621744b70af773d60fe79e67c.jpg', 'https://product.hstatic.net/200000305259/product/new_v31_fred_2_0c481a5a234b439d9b32b4def1da2934.jpg', 'https://product.hstatic.net/200000305259/product/new_v31_fred_3_0b8393aed55d404da85441c48e83013e.jpg', 'https://product.hstatic.net/200000305259/product/new_v31_fred_4_9a45611f99544daea3a9a908addcb832.jpg'),
(23, 'https://product.hstatic.net/200000305259/product/new_v28_fred_1_f109323e4f9a4f8e9aa8a58988794ff1.jpg', 'https://product.hstatic.net/200000305259/product/new_v28_fred_2_06d7c2e76637410cb006a05e6ef97ef1.jpg', 'https://product.hstatic.net/200000305259/product/new_v28_fred_3_dfd9f69fa39a4aa58319d104cb5bf8df.jpg', 'https://product.hstatic.net/200000305259/product/new_v28_fred_4_e9ba6919637846d5b4f2f1c23486b8cd.jpg'),
(24, 'https://product.hstatic.net/200000305259/product/new_v28_gry_1_902816329ece461f870f88c55242f807.jpg', 'https://product.hstatic.net/200000305259/product/new_v28_gry_3_ec6789eb62274b0c97dd71117f689e8c.jpg', 'https://product.hstatic.net/200000305259/product/new_v28_gry_2_10b0b3964d724ae583fb991c578a38cc.jpg', 'https://product.hstatic.net/200000305259/product/new_v28_gry_4_3f3ba53a61684491add90b86042ef386.jpg'),
(25, 'https://product.hstatic.net/200000305259/product/new_v28_brn_1_6a8ae113c7df4f73a3e7b73f3e5e7dad.jpg', 'https://product.hstatic.net/200000305259/product/new_v28_brn_3_41e91cd2194f4278a8192adb0a5c6298.jpg', 'https://product.hstatic.net/200000305259/product/new_v28_brn_2_7014cd0abd4d49618f0bc842a5f24d28.jpg', 'https://product.hstatic.net/200000305259/product/new_v28_brn_4_a4ca256476a14507ad6f6d736cd3e864.jpg'),
(26, 'https://product.hstatic.net/200000305259/product/new_v14_fred_1_45eb93d965174e619350d4417e7e4103.jpg', 'https://product.hstatic.net/200000305259/product/new_v14_fred_2_ecbdbdb8acf64be78bc9937fab5681c5.jpg', 'https://product.hstatic.net/200000305259/product/new_v14_fred_3_2d82837dc1704ce3acf2bb854e32a296.jpg', 'https://product.hstatic.net/200000305259/product/new_v14_fred_4_8290d9231a584943b589cbe56422e5a7.jpg'),
(27, 'https://product.hstatic.net/200000305259/product/new_v16_fred_1_fa21d188850a48f68321ec3ca2113356.jpg', 'https://product.hstatic.net/200000305259/product/new_v16_fred_2_7d32661068fd4eac979b5a4f1f594f70.jpg', 'https://product.hstatic.net/200000305259/product/new_v16_fred_3_b17db21d97fb4d9b92a0e27630a95610.jpg', 'https://product.hstatic.net/200000305259/product/new_v16_fred_4_550646b1f7304a4da6b331993ae2d63d.jpg'),
(28, 'https://product.hstatic.net/200000305259/product/new_v16_gry_1_07b09d5c03cc45c5a46d73a99e09fa72.jpg', 'https://product.hstatic.net/200000305259/product/new_v16_gry_3_92d5bc8779ec407f80297c657317f1dc.jpg', 'https://product.hstatic.net/200000305259/product/new_v16_gry_2_dfdc9b57efda4b69b5576a52d94a6415.jpg', 'https://product.hstatic.net/200000305259/product/new_v16_gry_4_f5df84fcf0a243098b3d17c80127c92e.jpg'),
(29, 'https://product.hstatic.net/200000305259/product/new_v16_brn_1_bb582566b68c45aa96ae48f3a565775e.jpg', 'https://product.hstatic.net/200000305259/product/new_v16_brn_3_f01ae0cb42934886a17f00522a25bcbd.jpg', 'https://product.hstatic.net/200000305259/product/new_v16_brn_2_1ca75843766c413ab01423f4e48ab295.jpg', 'https://product.hstatic.net/200000305259/product/new_v16_brn_4_9d3cf20f5e4c4d50a8f9c0529efee108.jpg'),
(30, 'https://product.hstatic.net/200000305259/product/new_v15_fred_1_24fdaa4d89334e00ab820656fe12c602.jpg', 'https://product.hstatic.net/200000305259/product/new_v15_fred_2_eca021c74b2044ec9190d3afbded40d1.jpg', 'https://product.hstatic.net/200000305259/product/new_v15_fred_3_f89ed8377aa54be5a195056233e2a613.jpg', 'https://product.hstatic.net/200000305259/product/new_v15_fred_4_dc80129010c54e82b2edbf14a8706551.jpg'),
(31, 'https://product.hstatic.net/200000305259/product/new_v15_gry_1_e06c2f7a66044f1fb83e558f0861df3a.jpg', 'https://product.hstatic.net/200000305259/product/new_v15_gry_3_bf777120f6c5425e81224bcc00c7e7ad.jpg', 'https://product.hstatic.net/200000305259/product/new_v15_gry_2_201b932d29054ce19f942cb220694f84.jpg', 'https://product.hstatic.net/200000305259/product/new_v15_gry_4_b8edab2ffd8e4094b2aa0f7c0358f984.jpg'),
(32, 'https://product.hstatic.net/200000305259/product/new_v15_brn_1_dfcbc60ff3004a259da9c8b57ba5c9e3.jpg', 'https://product.hstatic.net/200000305259/product/new_v15_brn_3_52835ad73d844d2cae4af615da94c754.jpg', 'https://product.hstatic.net/200000305259/product/new_v15_brn_2_d1fdae040e4b4923887e0d7f4fa93607.jpg', 'https://product.hstatic.net/200000305259/product/new_v15_brn_4_1ba392e0779e43bb951ae0921a651f2f.jpg'),
(33, 'https://product.hstatic.net/200000305259/product/new_v23_fred_1_c4d0b4d8063843f9a0345e2fd5dba479.jpg', 'https://product.hstatic.net/200000305259/product/new_v23_fred_2_14dd66a0e7594bb08345057ee9386086.jpg', 'https://product.hstatic.net/200000305259/product/new_v23_fred_3_6dd718a601ab4fa88b1ea8b82f4e9c57.jpg', 'https://product.hstatic.net/200000305259/product/new_v23_fred_4_9b45cae176d74e9d9494e4d572aef2f0.jpg'),
(34, 'https://product.hstatic.net/200000305259/product/new_v23_brn_1_0248ff5c068b40e49e87d3fa3d7b6a9c.jpg', 'https://product.hstatic.net/200000305259/product/new_v23_brn_3_fe0623fa4ddd4305a42ad90468210a45.jpg', 'https://product.hstatic.net/200000305259/product/new_v23_brn_2_f0c27bff781849bd8a45812b7ebf901c.jpg', 'https://product.hstatic.net/200000305259/product/new_v23_brn_4_820d84cdb75844b495b87146c4f32542.jpg'),
(35, 'https://product.hstatic.net/200000305259/product/new_v24_fred_1_518c4006e7a1402bad46a059b85841ec.jpg', 'https://product.hstatic.net/200000305259/product/new_v24_fred_2_8923b83c5b3140b3b8a42b5581a66b4a.jpg', 'https://product.hstatic.net/200000305259/product/new_v24_fred_3_38f7b1d5081a41f2a2c731dbc967dbf7.jpg', 'https://product.hstatic.net/200000305259/product/new_v24_fred_4_6ddeda2a1cc045e49a9c7fcc3c4a8b73.jpg'),
(36, 'https://product.hstatic.net/200000305259/product/new_v24_gry_1_028c50d73bbb43bc89323e8d74d2d375.jpg', 'https://product.hstatic.net/200000305259/product/new_v24_gry_3_46a39d9b7d28473c88ac60860141b851.jpg', 'https://product.hstatic.net/200000305259/product/new_v24_gry_2_084b30ca2b564344b9644a13ecd6971b.jpg', 'https://product.hstatic.net/200000305259/product/new_v24_gry_4_3722e38012284aa49f8c5f67cedc8ecb.jpg'),
(37, 'https://product.hstatic.net/200000305259/product/new_v24_brn_1_53071245a00d4e7781d53bb9ec1f50fa.jpg', 'https://product.hstatic.net/200000305259/product/new_v24_brn_3_b40bf1a96bab4ebbaa2a94e7c9f64fe2.jpg', 'https://product.hstatic.net/200000305259/product/new_v24_brn_2_a6b0754c27074c64b79b2a28c2b95006.jpg', 'https://product.hstatic.net/200000305259/product/new_v24_brn_4_abb61123e9eb46b9b4ed6e8aab0f57ee.jpg'),
(38, 'https://product.hstatic.net/200000305259/product/new_v26_brn_1_31f9db6292f149f4b514f8defbc0f3bd.jpg', 'https://product.hstatic.net/200000305259/product/new_v26_brn_3_45e3ba6177f1433b83eac72e3ddbc570.jpg', 'https://product.hstatic.net/200000305259/product/new_v26_brn_2_a8c693dbeca94032a95da8f3efdc0c68.jpg', 'https://product.hstatic.net/200000305259/product/new_v26_brn_4_35cd725445d5407c825df8742da7272d.jpg'),
(39, 'https://product.hstatic.net/200000305259/product/new_v26_fred_1_8c285183ba054c47801c5aa4d7ccd618.jpg', 'https://product.hstatic.net/200000305259/product/new_v26_fred_2_5e441d0871d84aea9c54e5ceb161d77d.jpg', 'https://product.hstatic.net/200000305259/product/new_v26_fred_3_31c00005323b4b98b58533ee7d5f0fb8.jpg', 'https://product.hstatic.net/200000305259/product/new_v26_fred_4_ab8875520aa14353b2b522486ba66274.jpg'),
(40, 'https://product.hstatic.net/200000305259/product/new_v32_brn_1_0f3555cb044a4e049ba533dd3999ae6e.jpg', 'https://product.hstatic.net/200000305259/product/new_v32_brn_3_df01f1ee1e284d288d9410ecb2c45515.jpg', 'https://product.hstatic.net/200000305259/product/new_v32_brn_2_fd4f0bdaa6194ee8b3fc2e53990b1e81.jpg', 'https://product.hstatic.net/200000305259/product/new_v32_brn_4_33b9269f433f4dcc8ceddf49979c9961.jpg'),
(41, 'https://product.hstatic.net/200000305259/product/new_v32_fred_1_fbd73cf9e42e488fbaa17de1fae99069.jpg', 'https://product.hstatic.net/200000305259/product/new_v32_fred_2_8ae1bb8fbd0f4464870eb2473f3abc10.jpg', 'https://product.hstatic.net/200000305259/product/new_v32_fred_3_90d3d246cd9c45cbb14131ff8b636ec2.jpg', 'https://product.hstatic.net/200000305259/product/new_v32_fred_4_89dd519c50ea4edb8f92f9ac00a8694c.jpg'),
(42, 'https://product.hstatic.net/200000305259/product/new_v36_fred_1_c95bb5bfd0f3418693e6309665741894.jpg', 'https://product.hstatic.net/200000305259/product/new_v36_fred_2_f109fb3a4338487d89a639e323d26c42.jpg', 'https://product.hstatic.net/200000305259/product/new_v36_fred_3_ab29f72a48824a5d8f63e2e24c0c9c45.jpg', 'https://product.hstatic.net/200000305259/product/new_v36_fred_4_e2bea75bc7d3452aa1e32cb282295ae5.jpg'),
(43, 'https://product.hstatic.net/200000305259/product/new_v36_brn_1_f28b123222a1422cb693408c3733283f.jpg', 'https://product.hstatic.net/200000305259/product/new_v36_brn_3_283110ba5f0c427e9cec7d5609e58470.jpg', 'https://product.hstatic.net/200000305259/product/new_v36_brn_2_4ed60edff4a247c89825b37421a7eecf.jpg', 'https://product.hstatic.net/200000305259/product/new_v36_brn_4_d7ebbd67ff9f40458d4d544b5e7a004c.jpg'),
(44, 'https://product.hstatic.net/200000305259/product/new_v25_fred_1_d6f73f2dfb414fa8a1ba6d8fc31bf5f7.jpg', 'https://product.hstatic.net/200000305259/product/new_v25_fred_2_2708aa6c977743d3a75f3556e78aef4b.jpg', 'https://product.hstatic.net/200000305259/product/new_v25_fred_3_e23edeba97ab40d195d1debad723d87a.jpg', 'https://product.hstatic.net/200000305259/product/new_v25_fred_4_2bff93457d364fbaad4acf83d8d8770b.jpg'),
(45, 'https://product.hstatic.net/200000305259/product/new_v25_brn_1_828bd0c0981a4893996e123ab867050d.jpg', 'https://product.hstatic.net/200000305259/product/new_v25_brn_3_2c53c92563e14c04b19bf1aea60a0422.jpg', 'https://product.hstatic.net/200000305259/product/new_v25_brn_2_1075faaf43b44d71beea9ae353f18368.jpg', 'https://product.hstatic.net/200000305259/product/new_v25_brn_4_86b4ba91ef6640db8132599cec6afca0.jpg'),
(46, 'https://product.hstatic.net/200000305259/product/new_v40_brn_1_af0b5541977b4f0b9334462da2e10a09.jpg', 'https://product.hstatic.net/200000305259/product/new_v40_brn_3_86da8b5b449143c18b94a17b3ee048c8.jpg', 'https://product.hstatic.net/200000305259/product/new_v40_brn_2_4fb1ef8817cd4dffb1e840a12e51a7ab.jpg', 'https://product.hstatic.net/200000305259/product/new_v40_brn_4_ee5a6756fb2c4fd981273647b0e6b995.jpg'),
(47, 'https://product.hstatic.net/200000305259/product/new_v40_fred_1_0e7aa17483a049778314798b72b0632e.jpg', 'https://product.hstatic.net/200000305259/product/new_v40_fred_2_d886a05f1382410eb8b5864e74348e81.jpg', 'https://product.hstatic.net/200000305259/product/new_v40_fred_3_7bdef6a1e6404d70946816f56dc971df.jpg', 'https://product.hstatic.net/200000305259/product/new_v40_fred_4_595bf338dc6f4acabc2238a6fc4db15f.jpg'),
(48, 'https://product.hstatic.net/200000305259/product/new_v40_gry_1_9e201a05128d43b9b34446bb54c26941.jpg', 'https://product.hstatic.net/200000305259/product/new_v40_gry_3_8f8c67b6cd8345c8b48702cbd8aec9e6.jpg', 'https://product.hstatic.net/200000305259/product/new_v40_gry_2_476210675a0643c1b2fc3c166ed84d35.jpg', 'https://product.hstatic.net/200000305259/product/new_v40_gry_4_40842bd3b7c24aeca3a3970be0e8e0c5.jpg'),
(49, 'https://product.hstatic.net/200000305259/product/new_v41_gry_1_b5a9ec536bca478db2decc7e09a5e187.jpg', 'https://product.hstatic.net/200000305259/product/new_v41_gry_3_920d6f40b92d445d9eb1afcefa16319f.jpg', 'https://product.hstatic.net/200000305259/product/new_v41_gry_2_7d6bc51f7eec44558ec32f0a85267830.jpg', 'https://product.hstatic.net/200000305259/product/new_v41_gry_4_56472f297a684a128981a8b0e8982206.jpg'),
(50, 'https://product.hstatic.net/200000305259/product/new_v57_fred_1_b951978eb9604e9a8dc7f123df0fd165.jpg', 'https://product.hstatic.net/200000305259/product/new_v57_fred_2_ef1b62233770415a9efaa0e126f68497.jpg', 'https://product.hstatic.net/200000305259/product/new_v57_fred_3_a618abf97daf4d6198729c691adcf9b3.jpg', 'https://product.hstatic.net/200000305259/product/new_v57_fred_4_927fc17a2cad463e869b56941db5c0ed.jpg'),
(51, 'https://product.hstatic.net/200000305259/product/new_v57_gry_1_bbe66a11649b4fd3ba03e504c4a6d062.jpg', 'https://product.hstatic.net/200000305259/product/new_v57_gry_3_45f2f8770b394a4e88f6e5becefaa620.jpg', 'https://product.hstatic.net/200000305259/product/new_v57_gry_2_afba2f447e0949a4bf8112ab26a2c44c.jpg', 'https://product.hstatic.net/200000305259/product/new_v57_gry_4_c104462790e84e8389be0df90d90c96b.jpg'),
(52, 'https://product.hstatic.net/200000305259/product/new_v57_brn_1_e0cc3a940d5847ada5b75f9c5505fa38.jpg', 'https://product.hstatic.net/200000305259/product/new_v57_brn_3_5fae198becc947ccb91f9a8ced0de8ee.jpg', 'https://product.hstatic.net/200000305259/product/new_v57_brn_2_7e68425478944c93bcfe7672f4919c9a.jpg', 'https://product.hstatic.net/200000305259/product/new_v57_brn_4_fb620eee01314442a7b781ed78dae360.jpg'),
(53, 'https://product.hstatic.net/200000305259/product/new_v35_fred_1_7f4f37d4ca7c4c118cee606c48dd2104.jpg', 'https://product.hstatic.net/200000305259/product/new_v35_fred_2_37baf5e1782042c4b4aa665240df370f.jpg', 'https://product.hstatic.net/200000305259/product/new_v35_fred_3_ab6d810837c749158068b4f961d7f8f5.jpg', 'https://product.hstatic.net/200000305259/product/new_v35_fred_4_ccd4bad8c87c41c2a8a88e7cc855f772.jpg'),
(54, 'https://product.hstatic.net/200000305259/product/new_v35_gry_1_366df7fa8963406491ef74904ab4afb8.jpg', 'https://product.hstatic.net/200000305259/product/new_v35_gry_3_c50f21b291b9464aa2edabd425b31509.jpg', 'https://product.hstatic.net/200000305259/product/new_v35_gry_2_3aa2ecd5b6ab41cea5b7c9487a6a6743.jpg', 'https://product.hstatic.net/200000305259/product/new_v35_gry_4_fd1456a2ed9b49a58a5ee28e7cfac4c5.jpg'),
(55, 'https://product.hstatic.net/200000305259/product/new_v35_brn_1_aea60a5f0c72425993f704ea44271eb7.jpg', 'https://product.hstatic.net/200000305259/product/new_v35_brn_3_2544cdb72b2e4eda95df966531fe155d.jpg', 'https://product.hstatic.net/200000305259/product/new_v35_brn_2_c32f8d07bd364f5d8e9bbfc4f617cb99.jpg', 'https://product.hstatic.net/200000305259/product/new_v35_brn_4_a1d1a28fdb614eeeb83d80ccf01ed77b.jpg'),
(56, 'https://product.hstatic.net/200000305259/product/new_v39_fred_1_e93c498860df4386b6a0a0a9f6bd45e4.jpg', 'https://product.hstatic.net/200000305259/product/new_v39_fred_2_b3c9b441acce4cf79746901949accf48.jpg', 'https://product.hstatic.net/200000305259/product/new_v39_fred_3_e3bfdd84df854ccaa1a1c90975ca6c7c.jpg', 'https://product.hstatic.net/200000305259/product/new_v39_fred_4_606f1158ed4046baacca9e811361028c.jpg'),
(57, 'https://product.hstatic.net/200000305259/product/new_v39_gry_1_e00ce13cb6284164b6c9ddd166a45ec4.jpg', 'https://product.hstatic.net/200000305259/product/new_v39_gry_3_8fa9b3d79d03497691eee922764dc92a.jpg', 'https://product.hstatic.net/200000305259/product/new_v39_gry_2_8f8f5df255ce437d99f5d13aa444e1ec.jpg', 'https://product.hstatic.net/200000305259/product/new_v39_gry_4_8e15c025a1db41e0b1b7ad11febad910.jpg'),
(58, 'https://product.hstatic.net/200000305259/product/new_v39_brn_1_ecff66fbf63c4261a37197d2914343e1.jpg', 'https://product.hstatic.net/200000305259/product/new_v39_brn_3_2347cf64901040118b15402ba52f721c.jpg', 'https://product.hstatic.net/200000305259/product/new_v39_brn_2_4395963e2e264706af247ee5d7216595.jpg', 'https://product.hstatic.net/200000305259/product/new_v39_brn_4_e8f4e0fd7eee40eda735a6ec0a60ed96.jpg'),
(59, 'https://product.hstatic.net/200000305259/product/new_v65_fred_1_836b0a5b8ab7475e86859a2d29dd3a0d.jpg', 'https://product.hstatic.net/200000305259/product/new_v65_fred_2_4b83754991a54ba3a01baada4b64054f.jpg', 'https://product.hstatic.net/200000305259/product/new_v65_fred_3_49196c7e356b48009b8f40e52100c272.jpg', 'https://product.hstatic.net/200000305259/product/new_v65_fred_4_925df3d5e428458681842b400664f9b5.jpg'),
(60, 'https://product.hstatic.net/200000305259/product/new_v65_gry_1_11353f4ec1ca42f986569fe1a0b6a051.jpg', 'https://product.hstatic.net/200000305259/product/new_v65_gry_3_482f3b9ce76c43e59f4ebd8314a8242a.jpg', 'https://product.hstatic.net/200000305259/product/new_v65_gry_2_84fd4679da6740a9b0e241d0bc34a9bc.jpg', 'https://product.hstatic.net/200000305259/product/new_v65_gry_4_c6ddfa555c584e10abfe6a01940914d0.jpg'),
(61, 'https://product.hstatic.net/200000305259/product/new_v65_brn_1_7249975aa03842268167d2cc8451b6a8.jpg', 'https://product.hstatic.net/200000305259/product/new_v65_brn_3_67a35b81d85249a1b16a70f55aaac93a.jpg', 'https://product.hstatic.net/200000305259/product/new_v65_brn_2_89fb04ae50f14e3eaa5c4e8dbb59302a.jpg', 'https://product.hstatic.net/200000305259/product/new_v65_brn_4_8993822af89e412a86b596e0f5bb65f2.jpg'),
(62, 'https://product.hstatic.net/200000305259/product/new_v30_fred_1_b3ae2b8bc0194e05afd78a8b0c28a452.jpg', 'https://product.hstatic.net/200000305259/product/new_v30_fred_2_be43e94c22b54d1797af6e043acf2369.jpg', 'https://product.hstatic.net/200000305259/product/new_v30_fred_3_636bdec358384395a9af3e643b659fef.jpg', 'https://product.hstatic.net/200000305259/product/new_v30_fred_4_7a29a9ea12884d79acdc93fd01fe7872.jpg'),
(63, 'https://product.hstatic.net/200000305259/product/new_v30_gry_1_e18f7a03febb409e94864b4a70f9a879.jpg', 'https://product.hstatic.net/200000305259/product/new_v30_gry_3_814876cdd2f14a20973c4a55f21d7c55.jpg', 'https://product.hstatic.net/200000305259/product/new_v30_gry_2_f20fe522b9b147528741cb5f0367a9b6.jpg', 'https://product.hstatic.net/200000305259/product/new_v30_gry_4_ad5105598a444008b871c41ad5695932.jpg'),
(64, 'https://product.hstatic.net/200000305259/product/new_v30_brn_1_8486b84bd05141ae9dc9148f9bfca314.jpg', 'https://product.hstatic.net/200000305259/product/new_v30_brn_3_db0ef676df4740db99a87bc3becafd3b.jpg', 'https://product.hstatic.net/200000305259/product/new_v30_brn_2_fcb59cbc00af4c86b641b24ce7f2118d.jpg', 'https://product.hstatic.net/200000305259/product/new_v30_brn_4_708b7a11294f443ba368c01a9ba51b37.jpg'),
(65, 'https://product.hstatic.net/200000305259/product/new_v33_fred_1_1bba4e2fa6c94c47864e9fe34019a447.jpg', 'https://product.hstatic.net/200000305259/product/new_v33_fred_2_7d43fa3c57c04081a92af424260410ce.jpg', 'https://product.hstatic.net/200000305259/product/new_v33_fred_3_6c180ec31e674384a51b2f05c4e40f27.jpg', 'https://product.hstatic.net/200000305259/product/new_v33_fred_4_2ebcec4486a3424ea4cc184590e93f45.jpg'),
(66, 'https://product.hstatic.net/200000305259/product/new_v33_gry_1_c6a3207cf6be4bd58e81df88a09688f3.jpg', 'https://product.hstatic.net/200000305259/product/new_v33_gry_3_a165375609a34a0b936e822d4232009c.jpg', 'https://product.hstatic.net/200000305259/product/new_v33_gry_2_08f977abb05e4d89b9f320019f4f287b.jpg', 'https://product.hstatic.net/200000305259/product/new_v33_gry_4_3e846c82dba84b7ba93bece73927ce13.jpg'),
(67, 'https://product.hstatic.net/200000305259/product/new_v62_fred_1_4f38c93529da4c17b29df17988ed1be1.jpg', 'https://product.hstatic.net/200000305259/product/new_v62_fred_2_23176c1506e140b498c9fbe83512114e.jpg', 'https://product.hstatic.net/200000305259/product/new_v62_fred_3_2c9501aa82314f218b314e9f1d40cc2b.jpg', 'https://product.hstatic.net/200000305259/product/new_v62_fred_4_bef311aac1b1436ab2019c372f505742.jpg'),
(68, 'https://product.hstatic.net/200000305259/product/new_v62_brn_1_a1fe221a175141a59c35ffa442c0792b.jpg', 'https://product.hstatic.net/200000305259/product/new_v62_brn_3_f4387dc01dd24d51b335e2568710ad46.jpg', 'https://product.hstatic.net/200000305259/product/new_v62_brn_2_8783488c5edf43478823ca0c298a6163.jpg', 'https://product.hstatic.net/200000305259/product/new_v62_brn_4_58fa6ddd60b0455e8bfb36929c0c0b52.jpg'),
(69, 'https://product.hstatic.net/200000305259/product/new_v29_fred_1_65afbf413b394bc580d18a27dee73e9b.jpg', 'https://product.hstatic.net/200000305259/product/new_v29_fred_2_67b3e6a85aa64d25b8dc4f02d3fd9fac.jpg', 'https://product.hstatic.net/200000305259/product/new_v29_fred_3_d57d308ff34340e9a10b946b8be72d08.jpg', 'https://product.hstatic.net/200000305259/product/new_v29_fred_4_a4cee72f743e48259cf9118d5a81c3a1.jpg'),
(70, 'https://product.hstatic.net/200000305259/product/new_v29_gry_1_5693578db72d40a9ad20e706b7afcfa9.jpg', 'https://product.hstatic.net/200000305259/product/new_v29_gry_3_8b07ecf5b69a463585d8872343c46c91.jpg', 'https://product.hstatic.net/200000305259/product/new_v29_gry_2_98d4dc5d098349928c482df922b39955.jpg', 'https://product.hstatic.net/200000305259/product/new_v29_gry_4_cd85ca6d7686489fbfeb155aa4f79a61.jpg'),
(71, 'https://product.hstatic.net/200000305259/product/new_v29_brn_1_18ef5f52bb0341f08f5c134e2351b9a5.jpg', 'https://product.hstatic.net/200000305259/product/new_v29_brn_3_71a3c11b24504aacbd6d5613e33fc84c.jpg', 'https://product.hstatic.net/200000305259/product/new_v29_brn_2_3914083736294e95911780a4cf5aa037.jpg', 'https://product.hstatic.net/200000305259/product/new_v29_brn_4_4cf22f5dfa5f4b7fac00ae4def3be7df.jpg'),
(72, 'https://product.hstatic.net/200000305259/product/new_v27_fred_1_c40c63a6cfbf43a78c381b6b422bde2a.jpg', 'https://product.hstatic.net/200000305259/product/new_v27_fred_2_ae4a0d5f8efb446ba61e65d28c7f6eb4.jpg', 'https://product.hstatic.net/200000305259/product/new_v27_fred_3_307ce9e6ce2945e89e59f825face29ee.jpg', 'https://product.hstatic.net/200000305259/product/new_v27_fred_4_2165a093c74545989472cb31e05b4b5e.jpg'),
(73, 'https://product.hstatic.net/200000305259/product/new_v27_brn_1_e8b3931ad2d14740bd8c4ef3da479016.jpg', 'https://product.hstatic.net/200000305259/product/new_v27_brn_3_a3421837ae1542b5b11e0758a26b2d80.jpg', 'https://product.hstatic.net/200000305259/product/new_v27_brn_2_16c2d547427c4fbb8f5caadc854b22b4.jpg', 'https://product.hstatic.net/200000305259/product/new_v27_brn_4_a6d3c52d738948a39e6d24f207c813ea.jpg'),
(74, 'https://product.hstatic.net/200000305259/product/new_v49_fred_1_a78c7594d22e4feea0d0ed39fecd40e2.jpg', 'https://product.hstatic.net/200000305259/product/new_v49_fred_2_e8f8521257904e809ab2e38e5317139f.jpg', 'https://product.hstatic.net/200000305259/product/new_v49_fred_3_1bc143061ac446388a368ac3c78f8810.jpg', 'https://product.hstatic.net/200000305259/product/new_v49_fred_4_637c09ee17d74e909ec67745995161d7.jpg'),
(75, 'https://product.hstatic.net/200000305259/product/new_v49_gry_1_f0499d92801f4f5784a83d495b1e93d4.jpg', 'https://product.hstatic.net/200000305259/product/new_v49_gry_3_40c8044a1c4244b4bd380dcfd1eb37e2.jpg', 'https://product.hstatic.net/200000305259/product/new_v49_gry_2_dace51b1d52b445ca321e9f0036a4657.jpg', 'https://product.hstatic.net/200000305259/product/new_v49_gry_4_6211af95715c44fe91ca867988c37e9f.jpg'),
(76, 'https://product.hstatic.net/200000305259/product/new_v49_brn_1_76e898fb21874081b8d45f18ece85a07.jpg', 'https://product.hstatic.net/200000305259/product/new_v49_brn_3_709ca28629234c8ab1d2092377ac3860.jpg', 'https://product.hstatic.net/200000305259/product/new_v49_brn_2_a449346112df4062aff56fe769adb41d.jpg', 'https://product.hstatic.net/200000305259/product/new_v49_brn_4_13c168a93e954efc9da23a775c208171.jpg'),
(77, 'https://product.hstatic.net/200000305259/product/new_v45_fred_1_12fd7380a0994e9fbce51f42db026064.jpg', 'https://product.hstatic.net/200000305259/product/new_v45_fred_2_5d01fc7d696b484cb428baf2d20e094f.jpg', 'https://product.hstatic.net/200000305259/product/new_v45_fred_3_d6854084109743bf85b8a375682d42dd.jpg', 'https://product.hstatic.net/200000305259/product/new_v45_fred_4_a638e8c3f25d4042a14d2ddf0e0bd75c.jpg'),
(78, 'https://product.hstatic.net/200000305259/product/new_v45_brn_1_59dbff8d30674b2d92fa5ab691b2d89b.jpg', 'https://product.hstatic.net/200000305259/product/new_v45_brn_3_2acb4780a3af4a8eabb0304464e982ae.jpg', 'https://product.hstatic.net/200000305259/product/new_v45_brn_2_7aa585c07f9e4634983e5d13ccde95ad.jpg', 'https://product.hstatic.net/200000305259/product/new_v45_brn_4_f51386d2e19d419782e21344c3f6a36d.jpg'),
(79, 'https://product.hstatic.net/200000305259/product/new_v56_fred_1_4b45e4fe6f1b4c178c148a0915b51f67.jpg', 'https://product.hstatic.net/200000305259/product/new_v56_fred_2_4365b4e853394af988d594cbc1403c81.jpg', 'https://product.hstatic.net/200000305259/product/new_v56_fred_3_00036b50d5e941bb8ba8800bf70b155a.jpg', 'https://product.hstatic.net/200000305259/product/new_v56_fred_4_a1d8a96aca3c4e56b8cc509b708ac53e.jpg'),
(80, 'https://product.hstatic.net/200000305259/product/new_v56_gry_1_2e226857979b407bb864c04768248ff9.jpg', 'https://product.hstatic.net/200000305259/product/new_v56_gry_3_0b9268d54a9842d49022d5e18309a753.jpg', 'https://product.hstatic.net/200000305259/product/new_v56_gry_2_1c3ace44143c457ba137c4490ddf4bd4.jpg', 'https://product.hstatic.net/200000305259/product/new_v56_gry_4_1ceb3b56c1a8455590bef399f3ba4b75.jpg'),
(81, 'https://product.hstatic.net/200000305259/product/new_v56_brn_1_75eff38802374291a8ca7466106fb099.jpg', 'https://product.hstatic.net/200000305259/product/new_v56_brn_3_7bf9171a328e4331a8e16d0c7ec629c4.jpg', 'https://product.hstatic.net/200000305259/product/new_v56_brn_2_715e3ccc0e2f460ca18943251ece1d4f.jpg', 'https://product.hstatic.net/200000305259/product/new_v56_brn_4_1d52d849bf764cc09e23715a27053b40.jpg'),
(82, 'https://product.hstatic.net/200000305259/product/tee_art_angel_fred_1_5921f6a65d6a4406bc0c5bead542ce96.jpg', 'https://product.hstatic.net/200000305259/product/tee_art_angel_fred_2_e67b64b696f940b5aa877fa7f3236ee6.jpg', 'https://product.hstatic.net/200000305259/product/tee_art_angel_fred_3_48cb46aa5ffa4adabbaa9faba03702ba.jpg', 'https://product.hstatic.net/200000305259/product/tee_art_angel_fred_4_53666f9e44704261a95258e2e7bb0f37.jpg'),
(83, 'https://product.hstatic.net/200000305259/product/tee_art_angel_devil_1_7c7682eb006442f788cff2024de10885.jpg', 'https://product.hstatic.net/200000305259/product/tee_art_angel_devil_2_d7042367b7014170a25fe79a92dc1f8e.jpg', 'https://product.hstatic.net/200000305259/product/tee_art_angel_devil_3_20728a9a0e2444f7b5a6e89ac51a565f.jpg', 'https://product.hstatic.net/200000305259/product/tee_art_angel_devil_4_8dc08cdeafe0496ca6f52deae269e552.jpg'),
(84, 'https://product.hstatic.net/200000305259/product/new_devil_brn_1_700cace3a26c46a383644559442ce35c.jpg', 'https://product.hstatic.net/200000305259/product/new_devil_brn_3_6d15065c2d424b7a84f1d48f64de300d.jpg', 'https://product.hstatic.net/200000305259/product/new_devil_brn_2_439e19c78c0d47e6a8388684fef622c9.jpg', 'https://product.hstatic.net/200000305259/product/new_devil_brn_4_324886ab4eca4118b4804327908d439c.jpg'),
(85, 'https://product.hstatic.net/200000305259/product/tee_art_horoscope_1_a16e0784eedf493d922bffb6a1314137.jpg', 'https://product.hstatic.net/200000305259/product/tee_art_horoscope_2_eb92cac3ea194c54835f632bfca5774d.jpg', 'https://product.hstatic.net/200000305259/product/tee_art_horoscope_3_88217f2b67b247deb3abd4570b063f5b.jpg', 'https://product.hstatic.net/200000305259/product/tee_art_horoscope_4_2381d86b797449bb9cb9d54e74c8328c.jpg'),
(86, 'https://product.hstatic.net/200000305259/product/new_horoscope_gry_1_72fa18dc4085415eb9f82afb9b5fe50d.jpg', 'https://product.hstatic.net/200000305259/product/new_horoscope_gry_3_20a08fddb061438badda66fda79f4b2f.jpg', 'https://product.hstatic.net/200000305259/product/new_horoscope_gry_2_4edf5bd538e14d7fa3c7ec98cccbf635.jpg', 'https://product.hstatic.net/200000305259/product/new_horoscope_gry_4_ef7d939fe5d64c13a2341df979ecdbca.jpg'),
(87, 'https://product.hstatic.net/200000305259/product/new_horoscope_brn_1_9e5c028c34104ea3b305c4bcd3c99e3b.jpg', 'https://product.hstatic.net/200000305259/product/new_horoscope_brn_3_312e1d5fdda549189fb3a9126fb0c0ab.jpg', 'https://product.hstatic.net/200000305259/product/new_horoscope_brn_2_ed204f20298e4dc5b119b191ce321df5.jpg', 'https://product.hstatic.net/200000305259/product/new_horoscope_brn_4_21c77378c7414b53890149af6e717bd9.jpg'),
(88, 'https://product.hstatic.net/200000305259/product/tee_art_junk_food_1_5bc479581de34ba2b9780f32450890b7.jpg', 'https://product.hstatic.net/200000305259/product/tee_art_junk_food_2_62e5657b84424ceeba84cb3e8b6a23c0.jpg', 'https://product.hstatic.net/200000305259/product/tee_art_junk_food_3_39936a668c4a4af69e5f0b3ab7ff092c.jpg', 'https://product.hstatic.net/200000305259/product/tee_art_junk_food_4_cc6f1f23ab254504be951bf792a8b648.jpg'),
(89, 'https://product.hstatic.net/200000305259/product/new_junk_food_gry_1_a918ef040e794d1da7012e412d45e9b2.jpg', 'https://product.hstatic.net/200000305259/product/new_junk_food_gry_3_dff4fec8441647e196e4eea39019708f.jpg', 'https://product.hstatic.net/200000305259/product/new_junk_food_gry_2_9ce6a2ff9f7e459bb49d45534d3e5851.jpg', 'https://product.hstatic.net/200000305259/product/new_junk_food_gry_4_0ca1b0995fc242e9a697ad771339459e.jpg'),
(90, 'https://product.hstatic.net/200000305259/product/new_junk_food_brn_1_f7fbba306dd74cb5b05a1743547277ab.jpg', 'https://product.hstatic.net/200000305259/product/new_junk_food_brn_3_fc1b71cc99554573a12f3a497d05ac3c.jpg', 'https://product.hstatic.net/200000305259/product/new_junk_food_brn_2_a1a6529e57024d47b98994ee74f2df96.jpg', 'https://product.hstatic.net/200000305259/product/new_junk_food_brn_4_ebf2d9852e6d4a50962ffeaef2f6c57b.jpg'),
(91, 'https://product.hstatic.net/200000305259/product/tee_art_pac_1_13d12bdcf7a64c1a8ce7018230137586.jpg', 'https://product.hstatic.net/200000305259/product/tee_art_pac_2_604643310e3e4bfca8410296b83fc30f.jpg', 'https://product.hstatic.net/200000305259/product/tee_art_pac_3_9e8acdcb90364533a40307adf15e82d7.jpg', 'https://product.hstatic.net/200000305259/product/tee_art_pac_4_b36510d3cbb44a3db70bebfba05c9dd5.jpg'),
(92, 'https://product.hstatic.net/200000305259/product/tee_art_rubik_1_5424d7268a4a4a83ae405a3a0c68f95b.jpg', 'https://product.hstatic.net/200000305259/product/tee_art_rubik_2_88053c838b0f49f9905ef47684d7846d.jpg', 'https://product.hstatic.net/200000305259/product/tee_art_rubik_3_0956926cc554416bb761700ce3b82dc5.jpg', 'https://product.hstatic.net/200000305259/product/tee_art_rubik_4_7c4c222ad62243879e679238cf31fab9.jpg'),
(93, 'https://product.hstatic.net/200000305259/product/new_rubik_gry_1_64573dc546134bc2b2e08a11a09675a2.jpg', 'https://product.hstatic.net/200000305259/product/new_rubik_gry_3_4dcdf909b2ee4e4f8daea0116f12ada8.jpg', 'https://product.hstatic.net/200000305259/product/new_rubik_gry_2_69cc5c2c927249229adb9b4768e8ba59.jpg', 'https://product.hstatic.net/200000305259/product/new_rubik_gry_4_a9b869492cf74a18b70f96fe2c154a07.jpg'),
(94, 'https://product.hstatic.net/200000305259/product/new_rubik_brn_1_862d343708e54a2c8bf5ce6db039d955.jpg', 'https://product.hstatic.net/200000305259/product/new_rubik_brn_3_b856baf6a31c4eb98e88009acfec9c2f.jpg', 'https://product.hstatic.net/200000305259/product/new_rubik_brn_2_9417e6a9785f49828da7b64b2336dbc7.jpg', 'https://product.hstatic.net/200000305259/product/new_rubik_brn_4_35a3effdf1934e6d9e12759525ef523a.jpg'),
(95, 'https://product.hstatic.net/200000305259/product/tee_art_sun_moon_1_d6e9563229af4fa4adb1b3ebb412bfbf.jpg', 'https://product.hstatic.net/200000305259/product/tee_art_sun_moon_2_22c0d8d63d7d46b18654d56e1cbab5d2.jpg', 'https://product.hstatic.net/200000305259/product/tee_art_sun_moon_3_b1b7c5f580f6465790acf2b90377ec32.jpg', 'https://product.hstatic.net/200000305259/product/tee_art_sun_moon_4_86b0f8b4a8d3467fb8ee427b42e9657e.jpg'),
(96, 'https://product.hstatic.net/200000305259/product/new_sun_moon_gry_1_37daf18d556e48729af152b43abbbffe.jpg', 'https://product.hstatic.net/200000305259/product/new_sun_moon_gry_3_5baf277a68eb4a628f8646dc41c8c7b2.jpg', 'https://product.hstatic.net/200000305259/product/new_sun_moon_gry_2_520410acbc4944bd82fbfdc6087ca9b1.jpg', 'https://product.hstatic.net/200000305259/product/new_sun_moon_gry_4_a1a5d56e6d8b4a9ca703b82eb8d67f3e.jpg'),
(97, 'https://product.hstatic.net/200000305259/product/new_sun_moon_brn_1_636e7dd37a9c4488830f011392f9d07f.jpg', 'https://product.hstatic.net/200000305259/product/new_sun_moon_brn_3_555b9556d2b44c5bac668ca60f0f6f17.jpg', 'https://product.hstatic.net/200000305259/product/new_sun_moon_brn_2_7e7a155694b942eea2074776fcbc8c5f.jpg', 'https://product.hstatic.net/200000305259/product/new_sun_moon_brn_4_3d1771b3776e4d05884485643b9bfde7.jpg'),
(98, 'https://product.hstatic.net/200000305259/product/new_v67_fred_1_eb8d2f24a022436693b3d525276b3b74.jpg', 'https://product.hstatic.net/200000305259/product/new_v67_fred_2_b3c9283cd17a468283d395614ad1f90e.jpg', 'https://product.hstatic.net/200000305259/product/new_v67_fred_3_d17727d19a104fe8b441379293912e45.jpg', 'https://product.hstatic.net/200000305259/product/new_v67_fred_4_e0d45ace3b0a465490f5d6fd6cfb6ff3.jpg'),
(99, 'https://product.hstatic.net/200000305259/product/new_v67_gry_1_a5584c0516b84099babb3b70c2e1bfb8.jpg', 'https://product.hstatic.net/200000305259/product/new_v67_gry_3_100eb41a7134496abd70ae99ab5a4b8a.jpg', 'https://product.hstatic.net/200000305259/product/new_v67_gry_2_35c724e53470459194b46a5fee1cd11e.jpg', 'https://product.hstatic.net/200000305259/product/new_v67_gry_4_b0f9e6dbe0f748fc846c03d094ea3060.jpg'),
(100, 'https://product.hstatic.net/200000305259/product/new_v67_brn_1_cff72d15acfb4a0a91bedbdb5df8829b.jpg', 'https://product.hstatic.net/200000305259/product/new_v67_brn_3_2b0ee92b1dd54d488beab3f5ac95879b.jpg', 'https://product.hstatic.net/200000305259/product/new_v67_brn_2_0a9ca2400f85425688e26dfe9c3b9e00.jpg', 'https://product.hstatic.net/200000305259/product/new_v67_brn_4_8551cd1de3f04bf285c94679eec5481a.jpg'),
(101, 'https://product.hstatic.net/200000305259/product/new_v70_gry_1_aee4f7d81dfa4f4b8c760ef7def9ab98.jpg', 'https://product.hstatic.net/200000305259/product/new_v70_gry_3_7abd0977c95c4254a946cf45d3914f40.jpg', 'https://product.hstatic.net/200000305259/product/new_v70_gry_2_91e511e8233f4faba262d2cad9868530.jpg', 'https://product.hstatic.net/200000305259/product/new_v70_gry_4_41af410a192248daa20dae4362ff0d46.jpg'),
(102, 'https://product.hstatic.net/200000305259/product/new_v53_fred_1_398d6f7a830e4923af053f5d9691e222.jpg', 'https://product.hstatic.net/200000305259/product/new_v53_fred_2_a0054df132b74ea9b52b7f831036056c.jpg', 'https://product.hstatic.net/200000305259/product/new_v53_fred_3_493ea228e997494e800c62268c739079.jpg', 'https://product.hstatic.net/200000305259/product/new_v53_fred_4_73419779df0741b78cf4df0cebf4002f.jpg'),
(103, 'https://product.hstatic.net/200000305259/product/new_v53_gry_1_9b06b742a0a44ef495746061d7274941.jpg', 'https://product.hstatic.net/200000305259/product/new_v53_gry_3_20cbaa6a7a1b4bd4beb2874556dc7263.jpg', 'https://product.hstatic.net/200000305259/product/new_v53_gry_2_dc046f50745f46cbabb6f52f71df2f88.jpg', 'https://product.hstatic.net/200000305259/product/new_v53_gry_4_902939e4680d437b909afcc7f3330716.jpg'),
(104, 'https://product.hstatic.net/200000305259/product/new_v53_brn_1_3229ee4558fa4f3dae7d5f85c47a050a.jpg', 'https://product.hstatic.net/200000305259/product/new_v53_brn_3_ed85789d3ccd4a309a869509ac642b70.jpg', 'https://product.hstatic.net/200000305259/product/new_v53_brn_2_654c869b943944539498f8ae864b1772.jpg', 'https://product.hstatic.net/200000305259/product/new_v53_brn_4_a3a08a6212ce40a69bf33ce91270a1f0.jpg'),
(105, 'https://product.hstatic.net/200000305259/product/new_v60_fred_1_882cbf79aa6f4399898d59ec5e52cf91.jpg', 'https://product.hstatic.net/200000305259/product/new_v60_fred_2_7bad09ce07d042e1bfab9c821c4fd379.jpg', 'https://product.hstatic.net/200000305259/product/new_v60_fred_3_858af9fd96b143b7a7402e406f358804.jpg', 'https://product.hstatic.net/200000305259/product/new_v60_fred_4_598c4fa7ea0d4544b6fa5df21f8e0f23.jpg'),
(106, 'https://product.hstatic.net/200000305259/product/new_v60_gry_1_80b1311cbb8840a3b6d2476480116701.jpg', 'https://product.hstatic.net/200000305259/product/new_v60_gry_3_90a384926fd74b90927ca0163169cb12.jpg', 'https://product.hstatic.net/200000305259/product/new_v60_gry_2_5359472dd6da475abe0ba5c11bd726dd.jpg', 'https://product.hstatic.net/200000305259/product/new_v60_gry_4_a4bd9dfc36f54e459b6de2e27b87fd98.jpg'),
(107, 'https://product.hstatic.net/200000305259/product/new_v60_brn_1_66ae7b8c07914920ac530b90a9e63266.jpg', 'https://product.hstatic.net/200000305259/product/new_v60_brn_3_848400b3926e47668b458ea98173ec70.jpg', 'https://product.hstatic.net/200000305259/product/new_v60_brn_2_b540fb4d19af47909a6e8ece68a2e0ba.jpg', 'https://product.hstatic.net/200000305259/product/new_v60_brn_4_0f75fc4921bf459581dac82aa6c64aa4.jpg'),
(108, 'https://product.hstatic.net/200000305259/product/new_v47_fred_1_d243ff0be559450fa155c341c2f77f2d.jpg', 'https://product.hstatic.net/200000305259/product/new_v47_fred_2_76a15aad8d944096ab70f841eb8aa1c6.jpg', 'https://product.hstatic.net/200000305259/product/new_v47_fred_3_80190733125043ec805202156ea15254.jpg', 'https://product.hstatic.net/200000305259/product/new_v47_fred_4_a9380af07f76494cbf8ba56e14656c56.jpg'),
(109, 'https://product.hstatic.net/200000305259/product/new_v47_gry_1_c922e5dce9914ddf8c2e1095a6f66380.jpg', 'https://product.hstatic.net/200000305259/product/new_v47_gry_3_bde75dd72c1a4982a6150bb9ee4716ce.jpg', 'https://product.hstatic.net/200000305259/product/new_v47_gry_2_700ddccd041c404093910c3240801695.jpg', 'https://product.hstatic.net/200000305259/product/new_v47_gry_4_2ca664a139e4488fb50cd5e49e5cce62.jpg'),
(110, 'https://product.hstatic.net/200000305259/product/new_v47_brn_1_f2f4ce5ce37541d9955848f72c71567f.jpg', 'https://product.hstatic.net/200000305259/product/new_v47_brn_3_b12d0c7299a043b1a3e4015e7080ce3b.jpg', 'https://product.hstatic.net/200000305259/product/new_v47_brn_2_6e2e343774fc42d1bdb21e6f901746b6.jpg', 'https://product.hstatic.net/200000305259/product/new_v47_brn_4_85e4f92e9eb34d95a07c59f108679763.jpg'),
(111, 'https://product.hstatic.net/200000305259/product/new_v68_fred_1_7bebfdcaadf148989f3ad61786656361.jpg', 'https://product.hstatic.net/200000305259/product/new_v68_fred_2_ebd4be5a1f25455baccaf8ddda670659.jpg', 'https://product.hstatic.net/200000305259/product/new_v68_fred_3_7167dd6da3b44cecb185ff219cee1dbb.jpg', 'https://product.hstatic.net/200000305259/product/new_v68_fred_4_f79ff9393d16428e8eca9f3ffe48c14b.jpg'),
(112, 'https://product.hstatic.net/200000305259/product/new_v68_gry_1_130fc682315d407ba5503e23835928a4.jpg', 'https://product.hstatic.net/200000305259/product/new_v68_gry_3_2125d1950a774f3bb7af270b76ad9f6c.jpg', 'https://product.hstatic.net/200000305259/product/new_v68_gry_2_2e566066c5bf47d89bb76b0e736ad5db.jpg', 'https://product.hstatic.net/200000305259/product/new_v68_gry_4_c35e4ed588a24ee08c0071e4cfa26590.jpg'),
(113, 'https://product.hstatic.net/200000305259/product/new_v68_brn_1_c27419a233bb4772be804722e30bb2e3.jpg', 'https://product.hstatic.net/200000305259/product/new_v68_brn_3_5033a4ae06a34f6f9aae36c6ddabbf1a.jpg', 'https://product.hstatic.net/200000305259/product/new_v68_brn_2_7a17d66b46de444e9b4c01cc1de913af.jpg', 'https://product.hstatic.net/200000305259/product/new_v68_brn_4_27478526382e411eb701d32655116408.jpg'),
(114, 'https://product.hstatic.net/200000305259/product/new_v69_gry_1_59c13686617f4c3091b53ee7a67afb43.jpg', 'https://product.hstatic.net/200000305259/product/new_v69_gry_3_d321c07a6b114c31881608aea5ef5ea7.jpg', 'https://product.hstatic.net/200000305259/product/new_v69_gry_2_2beef31ebebc4e669628a72c66e43781.jpg', 'https://product.hstatic.net/200000305259/product/new_v69_gry_4_96661ad947b64460ac31720f9d061a7b.jpg'),
(115, 'https://product.hstatic.net/200000305259/product/new_v69_fred_1_00fda673900e45948b46c696681b9e72.jpg', 'https://product.hstatic.net/200000305259/product/new_v69_fred_2_1f8a779822d54deaae9dd8037056236c.jpg', 'https://product.hstatic.net/200000305259/product/new_v69_fred_3_876347e1526346e9a3ee7e04aa93f8c1.jpg', 'https://product.hstatic.net/200000305259/product/new_v69_fred_4_fdde8894c6c44ec38664c42ea8997f3d.jpg'),
(116, 'https://product.hstatic.net/200000305259/product/new_v69_brn_1_2e076b6ff20a4056acd4d047c4fb0cae.jpg', 'https://product.hstatic.net/200000305259/product/new_v69_brn_3_bb0cb55420b64bf885f553de34e59d16.jpg', 'https://product.hstatic.net/200000305259/product/new_v69_brn_2_fa5a94774d3747489cd61208123dd6fb.jpg', 'https://product.hstatic.net/200000305259/product/new_v69_brn_4_2bd5a3ce93354e7db405cbcf1b34fd3b.jpg'),
(117, 'https://product.hstatic.net/200000305259/product/new_v64_fred_1_c5b67bbf72c44b15a01037ac3bd4781e.jpg', 'https://product.hstatic.net/200000305259/product/new_v64_fred_2_d0f1f073991b4f028176db4f9c55baba.jpg', 'https://product.hstatic.net/200000305259/product/new_v64_fred_3_e9e06debbe874a3aaadee74c89146da8.jpg', 'https://product.hstatic.net/200000305259/product/new_v64_fred_4_21e75dd93f344e1aad3c5d3039e321f6.jpg'),
(118, 'https://product.hstatic.net/200000305259/product/new_v64_gry_1_064aaaf70fa14d82b017323040532ab9.jpg', 'https://product.hstatic.net/200000305259/product/new_v64_gry_3_77ec9c7d995a44e69400a3fb89edb2fc.jpg', 'https://product.hstatic.net/200000305259/product/new_v64_gry_2_ca039a0e32164138bfbe10a30c2a008d.jpg', 'https://product.hstatic.net/200000305259/product/new_v64_gry_4_0d40e4f02d224cfbb05189c6b7f6c60a.jpg'),
(119, 'https://product.hstatic.net/200000305259/product/new_v64_brn_1_05c1986552884ccf8d38861d03a92149.jpg', 'https://product.hstatic.net/200000305259/product/new_v64_brn_3_897846c34f854df89b52c322e160bf2b.jpg', 'https://product.hstatic.net/200000305259/product/new_v64_brn_2_bcfb9eb6b50645e2985dfe397b7c6c0f.jpg', 'https://product.hstatic.net/200000305259/product/new_v64_brn_4_bac307fd9fd7418da8fb22edeb3821f2.jpg');
INSERT INTO `product_image` (`id`, `img_1`, `img_2`, `img_3`, `img_4`) VALUES
(120, 'https://product.hstatic.net/200000305259/product/new_v43_fred_1_a3768b6733314d938a9c8ff11ed5312c.jpg', 'https://product.hstatic.net/200000305259/product/new_v43_fred_2_dc6782d4c2b546e7ae01a96f056eeff0.jpg', 'https://product.hstatic.net/200000305259/product/new_v43_fred_3_7e62e829ab6f4a438642998e572fefbd.jpg', 'https://product.hstatic.net/200000305259/product/new_v43_fred_4_73bcbe5f4e7542979180254d10d7a735.jpg'),
(121, 'https://product.hstatic.net/200000305259/product/new_v43_gry_1_f6db3c65e2954fbda4c740f7c2f8c6bf.jpg', 'https://product.hstatic.net/200000305259/product/new_v43_gry_3_7b355c006f51442590e6b391d93ab8f5.jpg', 'https://product.hstatic.net/200000305259/product/new_v43_gry_2_aedb9a92fe5e446a92a61ce714a76dd5.jpg', 'https://product.hstatic.net/200000305259/product/new_v43_gry_4_ca228bce8bb742de89453af5451beabb.jpg'),
(122, 'https://product.hstatic.net/200000305259/product/new_v43_brn_1_87ca5456b11942e7852831a3fc985ee0.jpg', 'https://product.hstatic.net/200000305259/product/new_v43_brn_3_7dca3f36ae4a4bb1a5b3627de0b95dd1.jpg', 'https://product.hstatic.net/200000305259/product/new_v43_brn_2_d692a2aae5454d28a526df205c539f53.jpg', 'https://product.hstatic.net/200000305259/product/new_v43_brn_4_bbccba21f05e417d86f2fbd36592869b.jpg'),
(123, 'https://product.hstatic.net/200000305259/product/new_v51_fred_1_876dab65d2974eb9bab0834dba67529c.jpg', 'https://product.hstatic.net/200000305259/product/new_v51_fred_2_8b975873d9a14e7eb33d492fe58f037f.jpg', 'https://product.hstatic.net/200000305259/product/new_v51_fred_3_0195901991564043a722ab5756a37bd1.jpg', 'https://product.hstatic.net/200000305259/product/new_v51_fred_4_509b804ed41049e4a357831f0b61513b.jpg'),
(124, 'https://product.hstatic.net/200000305259/product/new_v51_gry_1_49e902bc36254549a450c6b31b17c043.jpg', 'https://product.hstatic.net/200000305259/product/new_v51_gry_3_c3f6dbd1a1a34686ba392dafc508e050.jpg', 'https://product.hstatic.net/200000305259/product/new_v51_gry_2_da34555004c14377bc0f1b50cd18eac5.jpg', 'https://product.hstatic.net/200000305259/product/new_v51_gry_4_2277ccd629d54fc4a2452fa78a15c8e1.jpg'),
(125, 'https://product.hstatic.net/200000305259/product/new_v51_brn_1_7f4817e4f9b4458abff98317187c41df.jpg', 'https://product.hstatic.net/200000305259/product/new_v51_brn_3_6f2cd5c9a5ff4a629de553c1dc4a8128.jpg', 'https://product.hstatic.net/200000305259/product/new_v51_brn_2_54d4c381337742c6942036992e44c711.jpg', 'https://product.hstatic.net/200000305259/product/new_v51_brn_4_747fd86b04e54b1392f3faa3b3e39ae1.jpg'),
(126, 'https://product.hstatic.net/200000305259/product/new_v52_fred_1_39e15abfb14b4f49808194ccb22d7e0c.jpg', 'https://product.hstatic.net/200000305259/product/new_v52_fred_2_4b851f51992843c29d37d08ab53e08c5.jpg', 'https://product.hstatic.net/200000305259/product/new_v52_fred_3_148fc62aed524279a040df42ef26edb6.jpg', 'https://product.hstatic.net/200000305259/product/new_v52_fred_4_7397137cf3e448e2ab397b210175f71c.jpg'),
(127, 'https://product.hstatic.net/200000305259/product/new_v52_gry_1_260bf6f7a66d45aa8569ae706a976c1c.jpg', 'https://product.hstatic.net/200000305259/product/new_v52_gry_3_7bed5141ffcc466b8987cce46c5d80b6.jpg', 'https://product.hstatic.net/200000305259/product/new_v52_gry_2_91460ff1f23149cb812d782508f626d1.jpg', 'https://product.hstatic.net/200000305259/product/new_v52_gry_4_1ff3102efdfc41dbade98c685c428d8f.jpg'),
(128, 'https://product.hstatic.net/200000305259/product/new_v52_brn_1_98852ffa9aeb4ac3aa2d966e7f5bfbd1.jpg', 'https://product.hstatic.net/200000305259/product/new_v52_brn_3_5ad2adacf23f4e6681ec3bb06dc37ef6.jpg', 'https://product.hstatic.net/200000305259/product/new_v52_brn_2_922f00b6ce094f758987bee196afc980.jpg', 'https://product.hstatic.net/200000305259/product/new_v52_brn_4_af42aa34b18c4edbb097efde271e3917.jpg'),
(129, 'https://product.hstatic.net/200000305259/product/new_v42_fred_1_9ed8182ca2c84844980370a65d10173c.jpg', 'https://product.hstatic.net/200000305259/product/new_v42_fred_2_11af9d6e2cd0480bb2cf33286d604e3e.jpg', 'https://product.hstatic.net/200000305259/product/new_v42_fred_3_a61b3d55fd29438abfbebc5cbf609b06.jpg', 'https://product.hstatic.net/200000305259/product/new_v42_fred_4_60afbe7df68f49c5ba7810068280f455.jpg'),
(130, 'https://product.hstatic.net/200000305259/product/new_v42_gry_1_2a334ef7e8074c0495229b5d6fd25279.jpg', 'https://product.hstatic.net/200000305259/product/new_v42_gry_3_c1878eabbfd64ecc844d223f8782fca3.jpg', 'https://product.hstatic.net/200000305259/product/new_v42_gry_2_ebb3e9afe0f8421eab09cd2d26634ac3.jpg', 'https://product.hstatic.net/200000305259/product/new_v42_gry_4_f9183c349b894535b07105bd557ed20f.jpg'),
(131, 'https://product.hstatic.net/200000305259/product/new_v42_brn_1_2d3623bda5934b1aa7abc0275b74b4b1.jpg', 'https://product.hstatic.net/200000305259/product/new_v42_brn_3_3c89b2806b5443d897952a74b6f75792.jpg', 'https://product.hstatic.net/200000305259/product/new_v42_brn_2_e4afd21d56a0421c9390681d26b5543e.jpg', 'https://product.hstatic.net/200000305259/product/new_v42_brn_4_7c1bf2053d694c32ad7e49b81d147ff6.jpg'),
(132, 'https://product.hstatic.net/200000305259/product/new_v66_fred_1_b0e4ac2bd64c43428b075fa70968d7bf.jpg', 'https://product.hstatic.net/200000305259/product/new_v66_fred_2_d693be0e0242477bbdcb241318a9610e.jpg', 'https://product.hstatic.net/200000305259/product/new_v66_fred_3_5aa63eb2d00b40818d5610ecf3615e63.jpg', 'https://product.hstatic.net/200000305259/product/new_v66_fred_4_8d2cbb48f1db4e889d517a6c56fd468f.jpg'),
(133, 'https://product.hstatic.net/200000305259/product/new_v66_gry_1_a8e5cb123ce849c5ba48a7ec6d642a58.jpg', 'https://product.hstatic.net/200000305259/product/new_v66_gry_3_7fb1aec9b30b405d80e6e3072bf0dd4e.jpg', 'https://product.hstatic.net/200000305259/product/new_v66_gry_2_2bd94add6eb7442db89d40296a25ae27.jpg', 'https://product.hstatic.net/200000305259/product/new_v66_gry_4_7731d8e0bdb74c71b4ad4a6d9854db19.jpg'),
(134, 'https://product.hstatic.net/200000305259/product/new_v66_brn_1_54eff96e6a6d4790a993e357bd1597d9.jpg', 'https://product.hstatic.net/200000305259/product/new_v66_brn_3_2aea2abe1c17445aab9e94295ee9eb11.jpg', 'https://product.hstatic.net/200000305259/product/new_v66_brn_2_29799ff250ac4451b8a905722210c591.jpg', 'https://product.hstatic.net/200000305259/product/new_v66_brn_4_f7a34acf2dcd47689e2716048ba76cc3.jpg'),
(135, 'https://product.hstatic.net/200000305259/product/tee_art_transmit_1_03f1772493c848f5b7e40fea8249ca82.jpg', 'https://product.hstatic.net/200000305259/product/tee_art_transmit_2_9a4b7562a65749ae8713c39a257013ae.jpg', 'https://product.hstatic.net/200000305259/product/tee_art_transmit_3_4dee67fd41664b70a6dc78e22acb463b.jpg', 'https://product.hstatic.net/200000305259/product/tee_art_transmit_4_7d77aceaee0d470380a3e6a10d2b0fe5.jpg'),
(136, 'https://product.hstatic.net/200000305259/product/new_transmit_gry_1_f170a1d1c4e84da48f7995f205ad17f4.jpg', 'https://product.hstatic.net/200000305259/product/new_transmit_gry_3_16c5be2a9e7748e08edadc6f16bfc91b.jpg', 'https://product.hstatic.net/200000305259/product/new_transmit_gry_2_6fcc5de8bb3e481cb18fca8be759d0c7.jpg', 'https://product.hstatic.net/200000305259/product/new_transmit_gry_4_2c4c44a7d365466689c5513fc3e8c36f.jpg'),
(137, 'https://product.hstatic.net/200000305259/product/new_transmit_brn_1_62f9080e38fb47238110faddd29cd74e.jpg', 'https://product.hstatic.net/200000305259/product/new_transmit_brn_3_a6f0b3adab654826b9a4ac812f831303.jpg', 'https://product.hstatic.net/200000305259/product/new_transmit_brn_2_716bb47b3b5f4eada496122ac0cf1b48.jpg', 'https://product.hstatic.net/200000305259/product/new_transmit_brn_4_51ee98b54d6840a4ad77c7226977e40d.jpg'),
(138, 'https://product.hstatic.net/200000305259/product/vgc-mockup_tee_art-print_graffiti-brn_1_5c2909eaa8b54a5282bbe075e9954b35.jpg', 'https://product.hstatic.net/200000305259/product/vgc-mockup_tee_art-print_graffiti-brn_2_f255c3499a3a4c7392e8f9b7dd603d44.jpg', 'https://product.hstatic.net/200000305259/product/vgc-mockup_tee_art-print_graffiti-brn_3_b62ee3b58ddf4219bde3a53dd7715a75.jpg', 'https://product.hstatic.net/200000305259/product/vgc-mockup_tee_art-print_graffiti-brn_4_8c5d29d765594a129c300675676a199b.jpg'),
(139, 'https://product.hstatic.net/200000305259/product/shirt_yel_2_7728060b3272471f8866607b4438c006.jpg', 'https://product.hstatic.net/200000305259/product/model_shirt_7_15c599d88bfa424192e86659f477994f.jpg', 'https://product.hstatic.net/200000305259/product/model_shirt_8_64231ed2c5b247ba9cf9df57cea0355f.jpg', 'https://product.hstatic.net/200000305259/product/shirt_yel_6_aa3edecdac5240f18c5a1701a896ebcd.jpg'),
(140, 'https://product.hstatic.net/200000305259/product/shirt_pnk_2_c9fecd2331b14828a8699503a20db8a4.jpg', 'https://product.hstatic.net/200000305259/product/model_shirt_11_0ddb5ce63eb141d6ae33ecef8882503a.jpg', 'https://product.hstatic.net/200000305259/product/model_shirt_12_d084d179ef0e4593a331999b6e7a96af.jpg', 'https://product.hstatic.net/200000305259/product/shirt_pnk_6_f11b07d29f354e36a58ba5cd086234be.jpg'),
(141, 'https://product.hstatic.net/200000305259/product/shirt_grey_2_a40cafec2de04fe2b9255dead119b2e6.jpg', 'https://product.hstatic.net/200000305259/product/model_shirt_5_7f10f8ace66f49d8aa7d83c88271f1d2.jpg', 'https://product.hstatic.net/200000305259/product/model_shirt_6_fd86c2f270d5468e817b36dfa714f877.jpg', 'https://product.hstatic.net/200000305259/product/shirt_grey_6_5c6dbdf52d8243aaaf0b26a64ed739e0.jpg'),
(142, 'https://product.hstatic.net/200000305259/product/shirt_ocean_2_5f6f7d0c38d54e469f43bb379d4a6405.jpg', 'https://product.hstatic.net/200000305259/product/model_shirt_9_b55133cc70cd4ae9b5b396ab8af96372.jpg', 'https://product.hstatic.net/200000305259/product/model_shirt_10_0acb7a18224145d995579157c54abec2.jpg', 'https://product.hstatic.net/200000305259/product/shirt_ocean_6_ffe986e7c9684a15b9fed247146be902.jpg'),
(143, 'https://product.hstatic.net/200000305259/product/shirt_brown_2_bce9d2b649a74112953ccec78989a064.jpg', 'https://product.hstatic.net/200000305259/product/model_shirt_15_5432408034c44ea4b280bd096cbc4994.jpg', 'https://product.hstatic.net/200000305259/product/model_shirt_16_ec2696ffb57244f48757123825f250b4.jpg', 'https://product.hstatic.net/200000305259/product/shirt_brown_6_4a7b9703a88449e098a56bccb4f0bc90.jpg'),
(144, 'https://product.hstatic.net/200000305259/product/shirt_mint_2_6562f16b51a64367a620fd3db73b1940.jpg', 'https://product.hstatic.net/200000305259/product/model_shirt_17_6922458a4c5645e4ab92a524d4e1c412.jpg', 'https://product.hstatic.net/200000305259/product/model_shirt_18_fc352ee2d5014c3893448541b23c8dca.jpg', 'https://product.hstatic.net/200000305259/product/shirt_mint_6_fb8ded56128e4794a302bb4c15519a37.jpg'),
(145, 'https://product.hstatic.net/200000305259/product/shirt_violet_2_27d18d63439c4db3a80e7a1712786eba.jpg', 'https://product.hstatic.net/200000305259/product/model_shirt_19_95cfa2651e894edfaa56c6e7d0594070.jpg', 'https://product.hstatic.net/200000305259/product/model_shirt_20_6e9b665c825945d7840c5a4af2d89516.jpg', 'https://product.hstatic.net/200000305259/product/shirt_violet_6_c4668e1775af4053800da44a865c3f51.jpg'),
(146, 'https://product.hstatic.net/200000305259/product/shirt_blue_2_0f9abb2c26c542f4849fee15e9517431.jpg', 'https://product.hstatic.net/200000305259/product/model_shirt_13_a1613e79817e48f893ff3a45bc927401.jpg', 'https://product.hstatic.net/200000305259/product/model_shirt_14_be2b298f2ef44fcfba2752b0f112f83f.jpg', 'https://product.hstatic.net/200000305259/product/shirt_blue_6_5cb6dc3838b343bb8d8522edec45b3ec.jpg'),
(147, 'https://product.hstatic.net/200000305259/product/shirt_wht_2_e2171c7682b6467ebd7235c3c7451422.jpg', 'https://product.hstatic.net/200000305259/product/model_shirt_1_187b3977462246aeabc26a1f621018be.jpg', 'https://product.hstatic.net/200000305259/product/model_shirt_2_20ed47d7572947ed8942a3c27fd4e42e.jpg', 'https://product.hstatic.net/200000305259/product/shirt_wht_6_682de92218674855b924a93962873149.jpg'),
(148, 'https://product.hstatic.net/200000305259/product/shirt_blk_2_d103fc5dd7e14976839cea04f52e0c7f.jpg', 'https://product.hstatic.net/200000305259/product/model_shirt_3_590446fe5f0449a2929097297e7de6c6.jpg', 'https://product.hstatic.net/200000305259/product/model_shirt_4_37a9a7a2dab543a2947e985f453f7c33.jpg', 'https://product.hstatic.net/200000305259/product/shirt_blk_6_87f6ebe409e043bbba7f656ce162b95d.jpg'),
(149, 'https://product.hstatic.net/200000305259/product/short_beige_2_9cdd73d7f8da40109316040e83031baf.jpg', 'https://product.hstatic.net/200000305259/product/model_shorts_1_0835fac33efb4d30bbb8eb421ce35863.jpg', 'https://product.hstatic.net/200000305259/product/short_beige_3_08e4e796ba5a446290a9e2412a24cce2.jpg', 'https://product.hstatic.net/200000305259/product/short_beige_5_bedeea2f3c504f1fa0584b81ecb48e9b.jpg'),
(150, 'https://product.hstatic.net/200000305259/product/short_blk_2_b9e9044a24314e7cbbeafc6af2d10a9a.jpg', 'https://product.hstatic.net/200000305259/product/model_shorts_4_0b3b439ce8e34a209be7f2c883aa69c2.jpg', 'https://product.hstatic.net/200000305259/product/short_blk_3_0173862f52b64c428e3878cdf84f2c69.jpg', 'https://product.hstatic.net/200000305259/product/short_blk_5_70abed42e6d04d4b801af60a11debf8f.jpg'),
(151, 'https://product.hstatic.net/200000305259/product/short_grey_2_0384bea3de7a410c9db4a6b77b6f1423.jpg', 'https://product.hstatic.net/200000305259/product/model_shorts_5_e67e60fc064b4173a48317e28b4b37ec.jpg', 'https://product.hstatic.net/200000305259/product/short_grey_3_99131944e4924a99a20819a1460cf02c.jpg', 'https://product.hstatic.net/200000305259/product/short_grey_5_d7721b290e904e6fafcb795d3d8dc964.jpg'),
(152, 'https://product.hstatic.net/200000305259/product/short_navy_2_6af9b81be5904ffbbf4f4b6db43d0ed5.jpg', 'https://product.hstatic.net/200000305259/product/model_shorts_3_edba9322c4fb4d609c6b5ce7c425a3b0.jpg', 'https://product.hstatic.net/200000305259/product/short_navy_3_5f2445865b9d461580271487466d417a.jpg', 'https://product.hstatic.net/200000305259/product/short_navy_5_23029fc61fa14e4d9cb35f8763ed780d.jpg'),
(153, 'https://product.hstatic.net/200000305259/product/short_wht_2_e600ccefcf6149a8b7a366d56cb39d9e.jpg', 'https://product.hstatic.net/200000305259/product/model_shorts_2_ed62d270d02d49cbbb808e1d9e012fe8.jpg', 'https://product.hstatic.net/200000305259/product/short_wht_3_184774f637d84a4a878884ce6876b1f6.jpg', 'https://product.hstatic.net/200000305259/product/short_wht_5_8a3b6708db8b4f0db2672b03c31ef0ed.jpg'),
(154, 'https://product.hstatic.net/200000305259/product/vgc-jacket_blk_2_561c854ad9d84b0791b88cc111285619.jpg', 'https://product.hstatic.net/200000305259/product/model_jacket_1_a2400a1fb56c45ab95bfcb1b58d363df.jpg', 'https://product.hstatic.net/200000305259/product/model_jacket_2_c27cdca6fa1842a3a36e1298e7a51ca4.jpg', 'https://product.hstatic.net/200000305259/product/model_jacket_4_f12fef3e4b6745e49989d59f7001d9b6.jpg'),
(155, 'https://product.hstatic.net/200000305259/product/slippers_5_998ef870a1be450eb057af6acd2930d3.jpg', 'https://product.hstatic.net/200000305259/product/model_slippers_1_2079edf708554751949f70a526c0db17.jpg', 'https://product.hstatic.net/200000305259/product/model_slippers_2_26a1333a7b644d6cb79d3ed176c5ef0e.jpg', 'https://product.hstatic.net/200000305259/product/model_slippers_3_8cd39f95b1f44ba3b2795fa29f4f3cb4.jpg'),
(156, 'https://product.hstatic.net/200000305259/product/polo_yel_2_1081914e3023447d8dab4897e0650274.jpg', 'https://product.hstatic.net/200000305259/product/model_polo_7_e74d00c075924e27bfa7c4538713c33d.jpg', 'https://product.hstatic.net/200000305259/product/model_polo_8_ed2a4baed260474ab63c4908bb5b785b.jpg', 'https://product.hstatic.net/200000305259/product/polo_yel_3_81198ef4e3624ae48ad5fdbddd297c43.jpg'),
(157, 'https://product.hstatic.net/200000305259/product/polo_pnk_2_61e1581414c44bcaa469b21fc90b1714.jpg', 'https://product.hstatic.net/200000305259/product/model_polo_9_a7c58e9beb204c1096b22e7d5b67d234.jpg', 'https://product.hstatic.net/200000305259/product/model_polo_10_d27441a30d7743f582de25fbfee0c9e5.jpg', 'https://product.hstatic.net/200000305259/product/polo_pnk_3_00dda8b6611e4d77952427a657026088.jpg'),
(158, 'https://product.hstatic.net/200000305259/product/polo_navy_2_9ab14ae1c1994829aede6afcfd38801c.jpg', 'https://product.hstatic.net/200000305259/product/model_polo_5_32c2e85d710342178958f57f88a2aec0.jpg', 'https://product.hstatic.net/200000305259/product/model_polo_6_25c75e2138e44ec09b3813782236ef22.jpg', 'https://product.hstatic.net/200000305259/product/polo_navy_3_f211039a01ec4dc59bfdcab3544a7364.jpg'),
(159, 'https://product.hstatic.net/200000305259/product/polo_wht_2_1015ddb8d972464fa2ee26d88b220d20.jpg', 'https://product.hstatic.net/200000305259/product/model_polo_4_8f6a81cd3b624fc390c92f576b08624e.jpg', 'https://product.hstatic.net/200000305259/product/model_polo_1_87c60acca1924c4e860801f20356b7bf.jpg', 'https://product.hstatic.net/200000305259/product/polo_wht_3_a81df0d37e7b4cc3a19384bb9d094a48.jpg'),
(160, 'https://product.hstatic.net/200000305259/product/polo_blk_2_6628585dccee49b4890a5033e04e80cb.jpg', 'https://product.hstatic.net/200000305259/product/model_polo_2_78b49e067c4442db878c5c52d96f6fff.jpg', 'https://product.hstatic.net/200000305259/product/model_polo_3_c877a1219f0541989f0f14f41bf47f02.jpg', 'https://product.hstatic.net/200000305259/product/polo_blk_3_56d9265a969b4f7b83e09bb1f1537dc9.jpg');

--
-- Indexes for dumped tables
--

--
-- Indexes for table `account`
--
ALTER TABLE `account`
  ADD PRIMARY KEY (`account_id`),
  ADD UNIQUE KEY `username` (`username`),
  ADD KEY `fk_member_account` (`email`);

--
-- Indexes for table `invoice`
--
ALTER TABLE `invoice`
  ADD PRIMARY KEY (`id`),
  ADD KEY `fk_member_invoice` (`member_email`);

--
-- Indexes for table `invoice_detail`
--
ALTER TABLE `invoice_detail`
  ADD PRIMARY KEY (`id`),
  ADD KEY `fk_invoice` (`invoice_id`);

--
-- Indexes for table `member`
--
ALTER TABLE `member`
  ADD PRIMARY KEY (`member_id`),
  ADD UNIQUE KEY `email` (`email`);

--
-- Indexes for table `product`
--
ALTER TABLE `product`
  ADD PRIMARY KEY (`id`);

--
-- Indexes for table `product_image`
--
ALTER TABLE `product_image`
  ADD PRIMARY KEY (`id`);

--
-- AUTO_INCREMENT for dumped tables
--

--
-- AUTO_INCREMENT for table `account`
--
ALTER TABLE `account`
  MODIFY `account_id` int(11) NOT NULL AUTO_INCREMENT, AUTO_INCREMENT=5;

--
-- AUTO_INCREMENT for table `invoice`
--
ALTER TABLE `invoice`
  MODIFY `id` int(11) NOT NULL AUTO_INCREMENT, AUTO_INCREMENT=6;

--
-- AUTO_INCREMENT for table `invoice_detail`
--
ALTER TABLE `invoice_detail`
  MODIFY `id` int(11) NOT NULL AUTO_INCREMENT, AUTO_INCREMENT=10;

--
-- AUTO_INCREMENT for table `member`
--
ALTER TABLE `member`
  MODIFY `member_id` int(11) NOT NULL AUTO_INCREMENT, AUTO_INCREMENT=5;

--
-- AUTO_INCREMENT for table `product`
--
ALTER TABLE `product`
  MODIFY `id` int(11) NOT NULL AUTO_INCREMENT, AUTO_INCREMENT=161;

--
-- Constraints for dumped tables
--

--
-- Constraints for table `account`
--
ALTER TABLE `account`
  ADD CONSTRAINT `fk_member_account` FOREIGN KEY (`email`) REFERENCES `member` (`email`) ON DELETE CASCADE ON UPDATE CASCADE;

--
-- Constraints for table `invoice`
--
ALTER TABLE `invoice`
  ADD CONSTRAINT `fk_member_invoice` FOREIGN KEY (`member_email`) REFERENCES `member` (`email`) ON DELETE CASCADE ON UPDATE CASCADE;

--
-- Constraints for table `invoice_detail`
--
ALTER TABLE `invoice_detail`
  ADD CONSTRAINT `fk_invoice` FOREIGN KEY (`invoice_id`) REFERENCES `invoice` (`id`) ON DELETE CASCADE ON UPDATE CASCADE;

--
-- Constraints for table `product_image`
--
ALTER TABLE `product_image`
  ADD CONSTRAINT `product_image_ibfk_1` FOREIGN KEY (`id`) REFERENCES `product` (`id`);
COMMIT;

/*!40101 SET CHARACTER_SET_CLIENT=@OLD_CHARACTER_SET_CLIENT */;
/*!40101 SET CHARACTER_SET_RESULTS=@OLD_CHARACTER_SET_RESULTS */;
/*!40101 SET COLLATION_CONNECTION=@OLD_COLLATION_CONNECTION */;
